bb,tag,ptb,sim,deg,ood,valid_seeds,num_seeds,complete,has_nan,has_traceback,mean,std,trim_mean_without_min,trim_std_without_min,reported_mean_without_min,reported_std_without_min,pollution_added_edges,pollution_deleted_edges,pollution_clean_edges,pollution_attack_edges,filter_module_f1,filter_module_auc,filter_module_ap,gppt_filter_f1,gppt_filter_auc,gppt_filter_ap,tau_tune_f1,tau_tune_auc,tau_tune_ap,out_detect_pt_edges_f1,out_detect_pt_edges_auc,out_detect_pt_edges_ap,sim_pt_node_f1,sim_pt_edge_f1,sim_pt_edge_auc,degree_pt_node_f1,degree_pt_edge_f1,degree_pt_edge_auc,out_detect_pt_node_f1,out_detect_pt_edge_f1,out_detect_pt_edge_auc,seed1,seed2,seed3,seed4,seed5,file
peak,all3,0.0,0.3,1,0.5,5,5,True,False,False,0.6527,0.0269,0.6598,0.0257,0.6598,0.0257,0.0000,0.0000,5278.0000,5278.0000,,,,,,,,,,,,,,,,,,,,,,0.6254,0.6881,0.6449,0.6806,0.6246,logs/combo_filters_midmetrics/peak_all3_sim0.3_deg1_ood0.5_ptb0.0.log
peak,deg_ood,0.0,-1.0,1,0.5,5,5,True,False,False,0.6283,0.0284,0.6365,0.0259,0.6365,0.0259,0.0000,0.0000,5278.0000,5278.0000,,,,,,,,,,,,,,,,,,,,,,0.6080,0.6267,0.6786,0.5955,0.6329,logs/combo_filters_midmetrics/peak_deg_ood_sim-1.0_deg1_ood0.5_ptb0.0.log
peak,sim_deg,0.0,0.3,1,-1.0,5,5,True,False,False,0.6078,0.0138,0.6118,0.0126,0.6118,0.0126,0.0000,0.0000,5278.0000,5278.0000,,,,,,,,,,,,,,,,,,,,,,0.5959,0.6038,0.5918,0.6279,0.6196,logs/combo_filters_midmetrics/peak_sim_deg_sim0.3_deg1_ood-1.0_ptb0.0.log
peak,sim_ood,0.0,0.3,-1,0.5,5,5,True,False,False,0.6527,0.0269,0.6598,0.0257,0.6598,0.0257,0.0000,0.0000,5278.0000,5278.0000,,,,,,,,,,,,,,,,,,,,,,0.6254,0.6881,0.6449,0.6806,0.6246,logs/combo_filters_midmetrics/peak_sim_ood_sim0.3_deg-1_ood0.5_ptb0.0.log
peak,all3,0.05,0.3,1,0.5,5,5,True,False,False,0.2434,0.0171,0.2494,0.0137,0.2494,0.0137,312.0000,19.0000,5278.0000,5571.0000,0.1078,0.8612,0.2613,,,,0.1383,0.7199,0.1632,0.1078,0.8612,0.2613,0.1953,0.1433,0.6450,0.0000,0.0000,0.5000,0.1597,0.1061,0.5001,0.2492,0.2587,0.2625,0.2272,0.2197,logs/combo_filters_midmetrics/peak_all3_sim0.3_deg1_ood0.5_ptb0.05.log
peak,deg_ood,0.05,-1.0,1,0.5,5,5,True,False,False,0.2834,0.0278,0.2924,0.0237,0.2924,0.0237,312.0000,19.0000,5278.0000,5571.0000,0.1078,0.8612,0.2613,,,,0.1087,0.7867,0.2613,0.1078,0.8612,0.2613,0.0000,0.0000,0.5000,0.0000,0.0000,0.5000,0.1597,0.1061,0.5001,0.3073,0.3177,0.2554,0.2475,0.2890,logs/combo_filters_midmetrics/peak_deg_ood_sim-1.0_deg1_ood0.5_ptb0.05.log
peak,sim_deg,0.05,0.3,1,-1.0,5,5,True,False,False,0.1573,0.0223,0.1634,0.0209,0.1634,0.0209,312.0000,19.0000,5278.0000,5571.0000,0.1078,0.8612,0.2613,,,,0.1260,0.7335,0.1834,0.0000,0.8612,0.2613,0.1953,0.1433,0.6450,0.0000,0.0000,0.5000,0.0000,0.0000,0.5000,0.1379,0.1827,0.1478,0.1329,0.1852,logs/combo_filters_midmetrics/peak_sim_deg_sim0.3_deg1_ood-1.0_ptb0.05.log
peak,sim_ood,0.05,0.3,-1,0.5,5,5,True,False,False,0.2311,0.0256,0.2431,0.0095,0.2431,0.0095,312.0000,19.0000,5278.0000,5571.0000,0.1078,0.8612,0.2613,,,,0.1186,0.7251,0.1666,0.1078,0.8612,0.2613,0.1953,0.1433,0.6450,0.0000,0.0000,0.5000,0.1597,0.1061,0.5001,0.2334,0.2359,0.2575,0.1827,0.2458,logs/combo_filters_midmetrics/peak_sim_ood_sim0.3_deg-1_ood0.5_ptb0.05.log
peak,all3,0.1,0.3,1,0.5,5,5,True,False,False,0.1635,0.0095,0.1673,0.0063,0.1673,0.0063,610.0000,53.0000,5278.0000,5835.0000,0.1922,0.8623,0.3969,,,,0.1168,0.6786,0.2082,0.1922,0.8623,0.3969,0.2586,0.2437,0.6371,0.0000,0.0000,0.5000,0.2817,0.1893,0.5000,0.1599,0.1632,0.1694,0.1765,0.1483,logs/combo_filters_midmetrics/peak_all3_sim0.3_deg1_ood0.5_ptb0.1.log
peak,deg_ood,0.1,-1.0,1,0.5,5,5,True,False,False,0.1620,0.0220,0.1699,0.0172,0.1699,0.0172,610.0000,53.0000,5278.0000,5835.0000,0.1922,0.8623,0.3969,,,,0.1177,0.6896,0.2489,0.1922,0.8623,0.3969,0.0000,0.0000,0.5000,0.0000,0.0000,0.5000,0.2817,0.1893,0.5000,0.1624,0.1304,0.1964,0.1495,0.1711,logs/combo_filters_midmetrics/peak_deg_ood_sim-1.0_deg1_ood0.5_ptb0.1.log
peak,sim_deg,0.1,0.3,1,-1.0,5,5,True,False,False,0.1550,0.0256,0.1642,0.0198,0.1642,0.0198,610.0000,53.0000,5278.0000,5835.0000,0.1922,0.8623,0.3969,,,,0.1200,0.6740,0.1746,0.0000,0.8623,0.3969,0.2586,0.2437,0.6371,0.0000,0.0000,0.5000,0.0000,0.0000,0.5000,0.1599,0.1790,0.1179,0.1844,0.1337,logs/combo_filters_midmetrics/peak_sim_deg_sim0.3_deg1_ood-1.0_ptb0.1.log
peak,sim_ood,0.1,0.3,-1,0.5,5,5,True,False,False,0.1601,0.0131,0.1647,0.0105,0.1647,0.0105,610.0000,53.0000,5278.0000,5835.0000,0.1922,0.8623,0.3969,,,,0.1171,0.6818,0.2134,0.1922,0.8623,0.3969,0.2586,0.2437,0.6371,0.0000,0.0000,0.5000,0.2817,0.1893,0.5000,0.1537,0.1549,0.1728,0.1773,0.1420,logs/combo_filters_midmetrics/peak_sim_ood_sim0.3_deg-1_ood0.5_ptb0.1.log
peak,all3,0.15,0.3,1,0.5,5,5,True,False,False,0.1085,0.0098,0.1127,0.0054,0.1127,0.0054,919.0000,75.0000,5278.0000,6122.0000,0.2639,0.8478,0.4791,,,,0.0865,0.6370,0.2322,0.2639,0.8478,0.4791,0.3115,0.3247,0.6324,0.0000,0.0000,0.5000,0.3761,0.2610,0.5000,0.0914,0.1184,0.1105,0.1051,0.1171,logs/combo_filters_midmetrics/peak_all3_sim0.3_deg1_ood0.5_ptb0.15.log
peak,deg_ood,0.15,-1.0,1,0.5,5,5,True,False,False,0.1393,0.0180,0.1446,0.0162,0.1446,0.0162,919.0000,75.0000,5278.0000,6122.0000,0.2639,0.8478,0.4791,,,,0.0760,0.6875,0.2960,0.2639,0.8478,0.4791,0.0000,0.0000,0.5000,0.0000,0.0000,0.5000,0.3761,0.2610,0.5000,0.1611,0.1379,0.1179,0.1582,0.1213,logs/combo_filters_midmetrics/peak_deg_ood_sim-1.0_deg1_ood0.5_ptb0.15.log
peak,sim_deg,0.15,0.3,1,-1.0,5,5,True,False,False,0.1280,0.0161,0.1314,0.0162,0.1314,0.0162,919.0000,75.0000,5278.0000,6122.0000,0.2639,0.8478,0.4791,,,,0.1292,0.6465,0.2488,0.0000,0.8478,0.4791,0.3115,0.3247,0.6324,0.0000,0.0000,0.5000,0.0000,0.0000,0.5000,0.1150,0.1142,0.1154,0.1466,0.1487,logs/combo_filters_midmetrics/peak_sim_deg_sim0.3_deg1_ood-1.0_ptb0.15.log
peak,sim_ood,0.15,0.3,-1,0.5,5,5,True,False,False,0.1103,0.0191,0.1188,0.0100,0.1188,0.0100,919.0000,75.0000,5278.0000,6122.0000,0.2639,0.8478,0.4791,,,,0.1033,0.6330,0.2289,0.2639,0.8478,0.4791,0.3115,0.3247,0.6324,0.0000,0.0000,0.5000,0.3761,0.2610,0.5000,0.0764,0.1225,0.1113,0.1080,0.1333,logs/combo_filters_midmetrics/peak_sim_ood_sim0.3_deg-1_ood0.5_ptb0.15.log
peak,all3,0.2,0.3,1,0.5,5,5,True,False,False,0.1019,0.0195,0.1071,0.0184,0.1071,0.0184,1218.0000,108.0000,5278.0000,6388.0000,0.3230,0.8410,0.5361,,,,0.0360,0.6610,0.3206,0.3230,0.8410,0.5361,0.3335,0.3891,0.6300,0.0000,0.0000,0.5000,0.4571,0.3203,0.5000,0.0810,0.1304,0.0997,0.0814,0.1171,logs/combo_filters_midmetrics/peak_all3_sim0.3_deg1_ood0.5_ptb0.2.log
peak,deg_ood,0.2,-1.0,1,0.5,5,5,True,False,False,0.1041,0.0218,0.1102,0.0203,0.1102,0.0203,1218.0000,108.0000,5278.0000,6388.0000,0.3230,0.8410,0.5361,,,,0.0432,0.6737,0.3323,0.3230,0.8410,0.5361,0.0000,0.0000,0.5000,0.0000,0.0000,0.5000,0.4571,0.3203,0.5000,0.0797,0.1391,0.0947,0.1188,0.0880,logs/combo_filters_midmetrics/peak_deg_ood_sim-1.0_deg1_ood0.5_ptb0.2.log
peak,sim_deg,0.2,0.3,1,-1.0,5,5,True,False,False,0.1066,0.0187,0.1139,0.0133,0.1139,0.0133,1218.0000,108.0000,5278.0000,6388.0000,0.3230,0.8410,0.5361,,,,0.1101,0.6668,0.3261,0.0000,0.8410,0.5361,0.3335,0.3891,0.6300,0.0000,0.0000,0.5000,0.0000,0.0000,0.5000,0.1042,0.1366,0.1096,0.1051,0.0777,logs/combo_filters_midmetrics/peak_sim_deg_sim0.3_deg1_ood-1.0_ptb0.2.log
peak,sim_ood,0.2,0.3,-1,0.5,5,5,True,False,False,0.1144,0.0130,0.1181,0.0118,0.1181,0.0118,1218.0000,108.0000,5278.0000,6388.0000,0.3230,0.8410,0.5361,,,,0.0285,0.6654,0.3259,0.3230,0.8410,0.5361,0.3335,0.3891,0.6300,0.0000,0.0000,0.5000,0.4571,0.3203,0.5000,0.1179,0.1308,0.0993,0.0993,0.1246,logs/combo_filters_midmetrics/peak_sim_ood_sim0.3_deg-1_ood0.5_ptb0.2.log
peak,all3,0.25,0.3,1,0.5,5,5,True,False,False,0.0939,0.0091,0.0969,0.0078,0.0969,0.0078,1507.0000,151.0000,5278.0000,6634.0000,0.3728,0.8397,0.5848,,,,0.0686,0.6639,0.3518,0.3730,0.8397,0.5848,0.3676,0.4400,0.6261,0.0000,0.0000,0.5000,0.5224,0.3702,0.5000,0.0843,0.0984,0.0988,0.0822,0.1059,logs/combo_filters_midmetrics/peak_all3_sim0.3_deg1_ood0.5_ptb0.25.log
peak,deg_ood,0.25,-1.0,1,0.5,5,5,True,False,False,0.0567,0.0179,0.0617,0.0167,0.0617,0.0167,1507.0000,151.0000,5278.0000,6634.0000,0.3728,0.8397,0.5848,,,,0.0465,0.6826,0.3911,0.3730,0.8397,0.5848,0.0000,0.0000,0.5000,0.0000,0.0000,0.5000,0.5224,0.3702,0.5000,0.0507,0.0702,0.0370,0.0843,0.0415,logs/combo_filters_midmetrics/peak_deg_ood_sim-1.0_deg1_ood0.5_ptb0.25.log
peak,sim_deg,0.25,0.3,1,-1.0,5,5,True,False,False,0.0960,0.0105,0.1005,0.0062,0.1005,0.0062,1507.0000,151.0000,5278.0000,6634.0000,0.3728,0.8397,0.5848,,,,0.1676,0.6698,0.3463,0.0000,0.8397,0.5848,0.3676,0.4400,0.6261,0.0000,0.0000,0.5000,0.0000,0.0000,0.5000,0.0922,0.1096,0.0781,0.0997,0.1005,logs/combo_filters_midmetrics/peak_sim_deg_sim0.3_deg1_ood-1.0_ptb0.25.log
peak,sim_ood,0.25,0.3,-1,0.5,5,5,True,False,False,0.0889,0.0175,0.0953,0.0133,0.0953,0.0133,1507.0000,151.0000,5278.0000,6634.0000,0.3728,0.8397,0.5848,,,,0.1089,0.6600,0.3506,0.3730,0.8397,0.5848,0.3676,0.4400,0.6261,0.0000,0.0000,0.5000,0.5224,0.3702,0.5000,0.0826,0.1096,0.0631,0.0814,0.1076,logs/combo_filters_midmetrics/peak_sim_ood_sim0.3_deg-1_ood0.5_ptb0.25.log
stable,all3,0.0,0.3,1,0.5,5,5,True,False,False,0.6442,0.0333,0.6567,0.0247,0.6567,0.0247,0.0000,0.0000,5278.0000,5278.0000,,,,,,,,,,,,,,,,,,,,,,0.6142,0.6744,0.6661,0.5943,0.6719,logs/combo_filters_midmetrics/stable_all3_sim0.3_deg1_ood0.5_ptb0.0.log
stable,deg_ood,0.0,-1.0,1,0.5,5,5,True,False,False,0.6500,0.0400,0.6641,0.0317,0.6641,0.0317,0.0000,0.0000,5278.0000,5278.0000,,,,,,,,,,,,,,,,,,,,,,0.5934,0.6869,0.6989,0.6175,0.6532,logs/combo_filters_midmetrics/stable_deg_ood_sim-1.0_deg1_ood0.5_ptb0.0.log
stable,sim_deg,0.0,0.3,1,-1.0,5,5,True,False,False,0.6556,0.0125,0.6584,0.0124,0.6584,0.0124,0.0000,0.0000,5278.0000,5278.0000,,,,,,,,,,,,,,,,,,,,,,0.6483,0.6441,0.6790,0.6574,0.6491,logs/combo_filters_midmetrics/stable_sim_deg_sim0.3_deg1_ood-1.0_ptb0.0.log
stable,sim_ood,0.0,0.3,-1,0.5,5,5,True,False,False,0.6441,0.0334,0.6566,0.0249,0.6566,0.0249,0.0000,0.0000,5278.0000,5278.0000,,,,,,,,,,,,,,,,,,,,,,0.6138,0.6748,0.6661,0.5943,0.6715,logs/combo_filters_midmetrics/stable_sim_ood_sim0.3_deg-1_ood0.5_ptb0.0.log
stable,all3,0.05,0.3,1,0.5,4,5,True,True,False,0.1572,0.0340,0.1734,0.0221,NaN,NaN,312.0000,19.0000,5278.0000,5571.0000,0.1078,0.8612,0.2613,,,,0.0720,0.7060,0.1894,0.1078,0.8612,0.2613,0.1953,0.1433,0.6450,0.0000,0.0000,0.5000,0.1597,0.1061,0.5001,0.1973,0.1790,0.1084,NaN,0.1441,logs/combo_filters_midmetrics/stable_all3_sim0.3_deg1_ood0.5_ptb0.05.log
stable,deg_ood,0.05,-1.0,1,0.5,5,5,True,False,False,0.2172,0.0492,0.2371,0.0323,0.2371,0.0323,312.0000,19.0000,5278.0000,5571.0000,0.1078,0.8612,0.2613,,,,0.0897,0.7129,0.2055,0.1078,0.8612,0.2613,0.0000,0.0000,0.5000,0.0000,0.0000,0.5000,0.1597,0.1061,0.5001,0.2051,0.2724,0.1375,0.2662,0.2047,logs/combo_filters_midmetrics/stable_deg_ood_sim-1.0_deg1_ood0.5_ptb0.05.log
stable,sim_deg,0.05,0.3,1,-1.0,5,5,True,False,False,0.1551,0.0188,0.1611,0.0162,0.1611,0.0162,312.0000,19.0000,5278.0000,5571.0000,0.1078,0.8612,0.2613,,,,0.0884,0.6815,0.1405,0.0000,0.8612,0.2613,0.1953,0.1433,0.6450,0.0000,0.0000,0.5000,0.0000,0.0000,0.5000,0.1312,0.1462,0.1478,0.1640,0.1865,logs/combo_filters_midmetrics/stable_sim_deg_sim0.3_deg1_ood-1.0_ptb0.05.log
stable,sim_ood,0.05,0.3,-1,0.5,5,5,True,False,False,0.1628,0.0310,0.1745,0.0226,0.1745,0.0226,312.0000,19.0000,5278.0000,5571.0000,0.1078,0.8612,0.2613,,,,0.0948,0.6894,0.1687,0.1078,0.8612,0.2613,0.1953,0.1433,0.6450,0.0000,0.0000,0.5000,0.1597,0.1061,0.5001,0.1873,0.1790,0.1159,0.1952,0.1366,logs/combo_filters_midmetrics/stable_sim_ood_sim0.3_deg-1_ood0.5_ptb0.05.log
stable,all3,0.1,0.3,1,0.5,5,5,True,False,False,0.1141,0.0150,0.1213,0.0051,0.1213,0.0051,610.0000,53.0000,5278.0000,5835.0000,0.1922,0.8623,0.3969,,,,0.1176,0.6455,0.1751,0.1922,0.8623,0.3969,0.2586,0.2437,0.6371,0.0000,0.0000,0.5000,0.2817,0.1893,0.5000,0.1138,0.1233,0.1279,0.0855,0.1200,logs/combo_filters_midmetrics/stable_all3_sim0.3_deg1_ood0.5_ptb0.1.log
stable,deg_ood,0.1,-1.0,1,0.5,5,5,True,False,False,0.1359,0.0270,0.1437,0.0246,0.1437,0.0246,610.0000,53.0000,5278.0000,5835.0000,0.1922,0.8623,0.3969,,,,0.0650,0.6907,0.2419,0.1922,0.8623,0.3969,0.0000,0.0000,0.5000,0.0000,0.0000,0.5000,0.2817,0.1893,0.5000,0.1752,0.1304,0.1047,0.1578,0.1113,logs/combo_filters_midmetrics/stable_deg_ood_sim-1.0_deg1_ood0.5_ptb0.1.log
stable,sim_deg,0.1,0.3,1,-1.0,5,5,True,False,False,0.1136,0.0148,0.1190,0.0114,0.1190,0.0114,610.0000,53.0000,5278.0000,5835.0000,0.1922,0.8623,0.3969,,,,0.1182,0.6398,0.1567,0.0000,0.8623,0.3969,0.2586,0.2437,0.6371,0.0000,0.0000,0.5000,0.0000,0.0000,0.5000,0.0922,0.1055,0.1125,0.1358,0.1221,logs/combo_filters_midmetrics/stable_sim_deg_sim0.3_deg1_ood-1.0_ptb0.1.log
stable,sim_ood,0.1,0.3,-1,0.5,5,5,True,False,False,0.1331,0.0200,0.1410,0.0137,0.1410,0.0137,610.0000,53.0000,5278.0000,5835.0000,0.1922,0.8623,0.3969,,,,0.1136,0.6454,0.1735,0.1922,0.8623,0.3969,0.2586,0.2437,0.6371,0.0000,0.0000,0.5000,0.2817,0.1893,0.5000,0.1262,0.1337,0.1412,0.1628,0.1013,logs/combo_filters_midmetrics/stable_sim_ood_sim0.3_deg-1_ood0.5_ptb0.1.log
stable,all3,0.15,0.3,1,0.5,5,5,True,False,False,0.1154,0.0141,0.1198,0.0124,0.1198,0.0124,919.0000,75.0000,5278.0000,6122.0000,0.2639,0.8478,0.4791,,,,0.1057,0.6268,0.2208,0.2639,0.8478,0.4791,0.3115,0.3247,0.6324,0.0000,0.0000,0.5000,0.3761,0.2610,0.5000,0.1109,0.0980,0.1221,0.1391,0.1071,logs/combo_filters_midmetrics/stable_all3_sim0.3_deg1_ood0.5_ptb0.15.log
stable,deg_ood,0.15,-1.0,1,0.5,5,5,True,False,False,0.1065,0.0168,0.1132,0.0113,0.1132,0.0113,919.0000,75.0000,5278.0000,6122.0000,0.2639,0.8478,0.4791,,,,0.0522,0.6862,0.2947,0.2639,0.8478,0.4791,0.0000,0.0000,0.5000,0.0000,0.0000,0.5000,0.3761,0.2610,0.5000,0.1221,0.1267,0.0797,0.1017,0.1022,logs/combo_filters_midmetrics/stable_deg_ood_sim-1.0_deg1_ood0.5_ptb0.15.log
stable,sim_deg,0.15,0.3,1,-1.0,5,5,True,False,False,0.1128,0.0193,0.1202,0.0137,0.1202,0.0137,919.0000,75.0000,5278.0000,6122.0000,0.2639,0.8478,0.4791,,,,0.1470,0.6208,0.2079,0.0000,0.8478,0.4791,0.3115,0.3247,0.6324,0.0000,0.0000,0.5000,0.0000,0.0000,0.5000,0.1121,0.1071,0.0831,0.1188,0.1429,logs/combo_filters_midmetrics/stable_sim_deg_sim0.3_deg1_ood-1.0_ptb0.15.log
stable,sim_ood,0.15,0.3,-1,0.5,5,5,True,False,False,0.1077,0.0129,0.1121,0.0106,0.1121,0.0106,919.0000,75.0000,5278.0000,6122.0000,0.2639,0.8478,0.4791,,,,0.1046,0.6234,0.2152,0.2639,0.8478,0.4791,0.3115,0.3247,0.6324,0.0000,0.0000,0.5000,0.3761,0.2610,0.5000,0.0955,0.1146,0.1134,0.1250,0.0901,logs/combo_filters_midmetrics/stable_sim_ood_sim0.3_deg-1_ood0.5_ptb0.15.log
stable,all3,0.2,0.3,1,0.5,5,5,True,False,False,0.0954,0.0099,0.0991,0.0073,0.0991,0.0073,1218.0000,108.0000,5278.0000,6388.0000,0.3230,0.8410,0.5361,,,,0.0959,0.6505,0.3126,0.3230,0.8410,0.5361,0.3335,0.3891,0.6300,0.0000,0.0000,0.5000,0.4571,0.3203,0.5000,0.0959,0.0930,0.0959,0.0806,0.1117,logs/combo_filters_midmetrics/stable_all3_sim0.3_deg1_ood0.5_ptb0.2.log
stable,deg_ood,0.2,-1.0,1,0.5,5,5,True,False,False,0.1100,0.0144,0.1164,0.0077,0.1164,0.0077,1218.0000,108.0000,5278.0000,6388.0000,0.3230,0.8410,0.5361,,,,0.0602,0.6817,0.3423,0.3230,0.8410,0.5361,0.0000,0.0000,0.5000,0.0000,0.0000,0.5000,0.4571,0.3203,0.5000,0.0847,0.1063,0.1184,0.1275,0.1134,logs/combo_filters_midmetrics/stable_deg_ood_sim-1.0_deg1_ood0.5_ptb0.2.log
stable,sim_deg,0.2,0.3,1,-1.0,5,5,True,False,False,0.1198,0.0112,0.1251,0.0037,0.1251,0.0037,1218.0000,108.0000,5278.0000,6388.0000,0.3230,0.8410,0.5361,,,,0.1071,0.6425,0.3158,0.0000,0.8410,0.5361,0.3335,0.3891,0.6300,0.0000,0.0000,0.5000,0.0000,0.0000,0.5000,0.1200,0.1246,0.0984,0.1304,0.1254,logs/combo_filters_midmetrics/stable_sim_deg_sim0.3_deg1_ood-1.0_ptb0.2.log
stable,sim_ood,0.2,0.3,-1,0.5,5,5,True,False,False,0.1031,0.0094,0.1062,0.0078,0.1062,0.0078,1218.0000,108.0000,5278.0000,6388.0000,0.3230,0.8410,0.5361,,,,0.0844,0.6459,0.3078,0.3230,0.8410,0.5361,0.3335,0.3891,0.6300,0.0000,0.0000,0.5000,0.4571,0.3203,0.5000,0.0905,0.0976,0.1138,0.0993,0.1142,logs/combo_filters_midmetrics/stable_sim_ood_sim0.3_deg-1_ood0.5_ptb0.2.log
stable,all3,0.25,0.3,1,0.5,5,5,True,False,False,0.0878,0.0151,0.0923,0.0136,0.0923,0.0136,1507.0000,151.0000,5278.0000,6634.0000,0.3728,0.8397,0.5848,,,,0.0913,0.6485,0.3452,0.3730,0.8397,0.5848,0.3676,0.4400,0.6261,0.0000,0.0000,0.5000,0.5224,0.3702,0.5000,0.0698,0.1063,0.1038,0.0860,0.0731,logs/combo_filters_midmetrics/stable_all3_sim0.3_deg1_ood0.5_ptb0.25.log
stable,deg_ood,0.25,-1.0,1,0.5,5,5,True,False,False,0.0790,0.0290,0.0909,0.0184,0.0909,0.0184,1507.0000,151.0000,5278.0000,6634.0000,0.3728,0.8397,0.5848,,,,0.0835,0.6606,0.3740,0.3730,0.8397,0.5848,0.0000,0.0000,0.5000,0.0000,0.0000,0.5000,0.5224,0.3702,0.5000,0.0311,0.0826,0.0764,0.0822,0.1225,logs/combo_filters_midmetrics/stable_deg_ood_sim-1.0_deg1_ood0.5_ptb0.25.log
stable,sim_deg,0.25,0.3,1,-1.0,5,5,True,False,False,0.0923,0.0091,0.0956,0.0069,0.0956,0.0069,1507.0000,151.0000,5278.0000,6634.0000,0.3728,0.8397,0.5848,,,,0.1740,0.6585,0.3460,0.0000,0.8397,0.5848,0.3676,0.4400,0.6261,0.0000,0.0000,0.5000,0.0000,0.0000,0.5000,0.0947,0.0876,0.0934,0.0789,0.1067,logs/combo_filters_midmetrics/stable_sim_deg_sim0.3_deg1_ood-1.0_ptb0.25.log
stable,sim_ood,0.25,0.3,-1,0.5,5,5,True,False,False,0.0914,0.0126,0.0953,0.0109,0.0953,0.0109,1507.0000,151.0000,5278.0000,6634.0000,0.3728,0.8397,0.5848,,,,0.0892,0.6525,0.3496,0.3730,0.8397,0.5848,0.3676,0.4400,0.6261,0.0000,0.0000,0.5000,0.5224,0.3702,0.5000,0.0756,0.0943,0.0822,0.0922,0.1125,logs/combo_filters_midmetrics/stable_sim_ood_sim0.3_deg-1_ood0.5_ptb0.25.log
