run_key,status,aug1,aug2,aug_ratio,pretrain_lr,pretrain_seed,source_dataset,target_dataset,source_original_dim,target_original_dim,svd_dim,feature_alignment,source_svd_sha256,encoder_dimensions,target_nodes,target_edges,shot,split,train_n,val_n,test_n,val_accuracy,test_accuracy,checkpoint_sha256,checkpoint,log_path,recorded_utc,error
a1=dropN|a2=dropN|r=0.1|s=1,ok,dropN,dropN,0.1,0.001,1,Citeseer_Nettack_LCC,Cora_full_clean,3703,1433,100,independent_svd_shape_only,c5acb8034c33d907e4aec92fda71254e59b556367d9c96a92964f75044bbbb3e,100->256->256,2708,13264,5,1,35,265,2408,0.535849,0.531561,25bfafe8bcfd4495df6a49542b7e64c2b1897468bcfdcb6cf71cddc7c53a84d4,/home/user/LnL/DFS_HK5/pre_trained_model_raw/Citeseer.GraphCL.GCN.256_hidden_dim.preprocess_svd_100.aug1_dropN.aug2_dropN.lr_0.001.ratio_0.1.seed_1.pth,/home/user/LnL/DFS_HK5/logs/citeseer_svd100_to_cora_svd100_graphcl_135/run_logs/a1_dropN__a2_dropN__r_0.1__s_1.attempt_20260804T144114Z_1343893.log,2026-08-04T14:41:50+00:00,
a1=dropN|a2=permE|r=0.1|s=1,ok,dropN,permE,0.1,0.001,1,Citeseer_Nettack_LCC,Cora_full_clean,3703,1433,100,independent_svd_shape_only,c5acb8034c33d907e4aec92fda71254e59b556367d9c96a92964f75044bbbb3e,100->256->256,2708,13264,5,1,35,265,2408,0.471698,0.518688,00c94371b60d40fd89f57291ec622503651523788f58efb93a95bd56d0271965,/home/user/LnL/DFS_HK5/pre_trained_model_raw/Citeseer.GraphCL.GCN.256_hidden_dim.preprocess_svd_100.aug1_dropN.aug2_permE.lr_0.001.ratio_0.1.seed_1.pth,/home/user/LnL/DFS_HK5/logs/citeseer_svd100_to_cora_svd100_graphcl_135/run_logs/a1_dropN__a2_permE__r_0.1__s_1.attempt_20260804T144153Z_1343893.log,2026-08-04T14:42:30+00:00,
a1=dropN|a2=maskN|r=0.1|s=1,ok,dropN,maskN,0.1,0.001,1,Citeseer_Nettack_LCC,Cora_full_clean,3703,1433,100,independent_svd_shape_only,c5acb8034c33d907e4aec92fda71254e59b556367d9c96a92964f75044bbbb3e,100->256->256,2708,13264,5,1,35,265,2408,0.532075,0.547342,d650ba2d133f1858fe63aa57cf6d3e45fafe645968787e22d4dc7c7b5e32e549,/home/user/LnL/DFS_HK5/pre_trained_model_raw/Citeseer.GraphCL.GCN.256_hidden_dim.preprocess_svd_100.aug1_dropN.aug2_maskN.lr_0.001.ratio_0.1.seed_1.pth,/home/user/LnL/DFS_HK5/logs/citeseer_svd100_to_cora_svd100_graphcl_135/run_logs/a1_dropN__a2_maskN__r_0.1__s_1.attempt_20260804T144233Z_1343893.log,2026-08-04T14:43:10+00:00,
a1=permE|a2=dropN|r=0.1|s=1,ok,permE,dropN,0.1,0.001,1,Citeseer_Nettack_LCC,Cora_full_clean,3703,1433,100,independent_svd_shape_only,c5acb8034c33d907e4aec92fda71254e59b556367d9c96a92964f75044bbbb3e,100->256->256,2708,13264,5,1,35,265,2408,0.486792,0.485465,108e065970f6e792ae13f85fe111f7ee0ca5729148d3e56b174d4491c19dfa94,/home/user/LnL/DFS_HK5/pre_trained_model_raw/Citeseer.GraphCL.GCN.256_hidden_dim.preprocess_svd_100.aug1_permE.aug2_dropN.lr_0.001.ratio_0.1.seed_1.pth,/home/user/LnL/DFS_HK5/logs/citeseer_svd100_to_cora_svd100_graphcl_135/run_logs/a1_permE__a2_dropN__r_0.1__s_1.attempt_20260804T144313Z_1343893.log,2026-08-04T14:43:51+00:00,
a1=permE|a2=permE|r=0.1|s=1,ok,permE,permE,0.1,0.001,1,Citeseer_Nettack_LCC,Cora_full_clean,3703,1433,100,independent_svd_shape_only,c5acb8034c33d907e4aec92fda71254e59b556367d9c96a92964f75044bbbb3e,100->256->256,2708,13264,5,1,35,265,2408,0.505660,0.508721,b9cf024cb0c188ba851e0d5986d1e9a7d7533b9073d96fa6f90562b03a51babe,/home/user/LnL/DFS_HK5/pre_trained_model_raw/Citeseer.GraphCL.GCN.256_hidden_dim.preprocess_svd_100.aug1_permE.aug2_permE.lr_0.001.ratio_0.1.seed_1.pth,/home/user/LnL/DFS_HK5/logs/citeseer_svd100_to_cora_svd100_graphcl_135/run_logs/a1_permE__a2_permE__r_0.1__s_1.attempt_20260804T144353Z_1343893.log,2026-08-04T14:44:31+00:00,
a1=permE|a2=maskN|r=0.1|s=1,ok,permE,maskN,0.1,0.001,1,Citeseer_Nettack_LCC,Cora_full_clean,3703,1433,100,independent_svd_shape_only,c5acb8034c33d907e4aec92fda71254e59b556367d9c96a92964f75044bbbb3e,100->256->256,2708,13264,5,1,35,265,2408,0.449057,0.503738,9f7524d1b39bd960eb31113c7ea8eddbea6013130bcfede7736d9fa83b1e3640,/home/user/LnL/DFS_HK5/pre_trained_model_raw/Citeseer.GraphCL.GCN.256_hidden_dim.preprocess_svd_100.aug1_permE.aug2_maskN.lr_0.001.ratio_0.1.seed_1.pth,/home/user/LnL/DFS_HK5/logs/citeseer_svd100_to_cora_svd100_graphcl_135/run_logs/a1_permE__a2_maskN__r_0.1__s_1.attempt_20260804T144434Z_1343893.log,2026-08-04T14:45:11+00:00,
a1=maskN|a2=dropN|r=0.1|s=1,ok,maskN,dropN,0.1,0.001,1,Citeseer_Nettack_LCC,Cora_full_clean,3703,1433,100,independent_svd_shape_only,c5acb8034c33d907e4aec92fda71254e59b556367d9c96a92964f75044bbbb3e,100->256->256,2708,13264,5,1,35,265,2408,0.509434,0.529900,1e001ab696f33844aa33eeea1aa8fdb518738dfc1b49fb060f79f4d7dd09721f,/home/user/LnL/DFS_HK5/pre_trained_model_raw/Citeseer.GraphCL.GCN.256_hidden_dim.preprocess_svd_100.aug1_maskN.aug2_dropN.lr_0.001.ratio_0.1.seed_1.pth,/home/user/LnL/DFS_HK5/logs/citeseer_svd100_to_cora_svd100_graphcl_135/run_logs/a1_maskN__a2_dropN__r_0.1__s_1.attempt_20260804T144514Z_1343893.log,2026-08-04T14:45:51+00:00,
a1=maskN|a2=permE|r=0.1|s=1,ok,maskN,permE,0.1,0.001,1,Citeseer_Nettack_LCC,Cora_full_clean,3703,1433,100,independent_svd_shape_only,c5acb8034c33d907e4aec92fda71254e59b556367d9c96a92964f75044bbbb3e,100->256->256,2708,13264,5,1,35,265,2408,0.445283,0.485050,7219b94fdcd7e7c31a5f7a8e58a04685c03a8c30a41d0ff1185b24b299636b66,/home/user/LnL/DFS_HK5/pre_trained_model_raw/Citeseer.GraphCL.GCN.256_hidden_dim.preprocess_svd_100.aug1_maskN.aug2_permE.lr_0.001.ratio_0.1.seed_1.pth,/home/user/LnL/DFS_HK5/logs/citeseer_svd100_to_cora_svd100_graphcl_135/run_logs/a1_maskN__a2_permE__r_0.1__s_1.attempt_20260804T144554Z_1343893.log,2026-08-04T14:46:32+00:00,
a1=maskN|a2=maskN|r=0.1|s=1,ok,maskN,maskN,0.1,0.001,1,Citeseer_Nettack_LCC,Cora_full_clean,3703,1433,100,independent_svd_shape_only,c5acb8034c33d907e4aec92fda71254e59b556367d9c96a92964f75044bbbb3e,100->256->256,2708,13264,5,1,35,265,2408,0.520755,0.536130,22d39ddf2e48a205c3c489a9fd4eedce4fd1c26dba59a145ba96a97e88f6c555,/home/user/LnL/DFS_HK5/pre_trained_model_raw/Citeseer.GraphCL.GCN.256_hidden_dim.preprocess_svd_100.aug1_maskN.aug2_maskN.lr_0.001.ratio_0.1.seed_1.pth,/home/user/LnL/DFS_HK5/logs/citeseer_svd100_to_cora_svd100_graphcl_135/run_logs/a1_maskN__a2_maskN__r_0.1__s_1.attempt_20260804T144634Z_1343893.log,2026-08-04T14:47:12+00:00,
a1=dropN|a2=dropN|r=0.2|s=1,ok,dropN,dropN,0.2,0.001,1,Citeseer_Nettack_LCC,Cora_full_clean,3703,1433,100,independent_svd_shape_only,c5acb8034c33d907e4aec92fda71254e59b556367d9c96a92964f75044bbbb3e,100->256->256,2708,13264,5,1,35,265,2408,0.532075,0.565615,4bec0fb2f8f07da6845f68406d011958c689ffccd7ac3085df10fb4f07d84cbc,/home/user/LnL/DFS_HK5/pre_trained_model_raw/Citeseer.GraphCL.GCN.256_hidden_dim.preprocess_svd_100.aug1_dropN.aug2_dropN.lr_0.001.ratio_0.2.seed_1.pth,/home/user/LnL/DFS_HK5/logs/citeseer_svd100_to_cora_svd100_graphcl_135/run_logs/a1_dropN__a2_dropN__r_0.2__s_1.attempt_20260804T144714Z_1343893.log,2026-08-04T14:47:52+00:00,
a1=dropN|a2=permE|r=0.2|s=1,ok,dropN,permE,0.2,0.001,1,Citeseer_Nettack_LCC,Cora_full_clean,3703,1433,100,independent_svd_shape_only,c5acb8034c33d907e4aec92fda71254e59b556367d9c96a92964f75044bbbb3e,100->256->256,2708,13264,5,1,35,265,2408,0.433962,0.453904,1970e14777e2cdb640a183a4645d6ebac54b30e49bbc78ac4030a269a276803f,/home/user/LnL/DFS_HK5/pre_trained_model_raw/Citeseer.GraphCL.GCN.256_hidden_dim.preprocess_svd_100.aug1_dropN.aug2_permE.lr_0.001.ratio_0.2.seed_1.pth,/home/user/LnL/DFS_HK5/logs/citeseer_svd100_to_cora_svd100_graphcl_135/run_logs/a1_dropN__a2_permE__r_0.2__s_1.attempt_20260804T144755Z_1343893.log,2026-08-04T14:48:32+00:00,
a1=dropN|a2=maskN|r=0.2|s=1,ok,dropN,maskN,0.2,0.001,1,Citeseer_Nettack_LCC,Cora_full_clean,3703,1433,100,independent_svd_shape_only,c5acb8034c33d907e4aec92fda71254e59b556367d9c96a92964f75044bbbb3e,100->256->256,2708,13264,5,1,35,265,2408,0.475472,0.539867,f125192f953386b0d9e2f52d0917928cb8267250aa6c22cca399b5133aef6840,/home/user/LnL/DFS_HK5/pre_trained_model_raw/Citeseer.GraphCL.GCN.256_hidden_dim.preprocess_svd_100.aug1_dropN.aug2_maskN.lr_0.001.ratio_0.2.seed_1.pth,/home/user/LnL/DFS_HK5/logs/citeseer_svd100_to_cora_svd100_graphcl_135/run_logs/a1_dropN__a2_maskN__r_0.2__s_1.attempt_20260804T144835Z_1343893.log,2026-08-04T14:49:13+00:00,
a1=permE|a2=dropN|r=0.2|s=1,ok,permE,dropN,0.2,0.001,1,Citeseer_Nettack_LCC,Cora_full_clean,3703,1433,100,independent_svd_shape_only,c5acb8034c33d907e4aec92fda71254e59b556367d9c96a92964f75044bbbb3e,100->256->256,2708,13264,5,1,35,265,2408,0.479245,0.484219,c180ac572ded82dd2d0f96478d65b09da44bf9b30a7e36ef8b7d82d87dbc7e2b,/home/user/LnL/DFS_HK5/pre_trained_model_raw/Citeseer.GraphCL.GCN.256_hidden_dim.preprocess_svd_100.aug1_permE.aug2_dropN.lr_0.001.ratio_0.2.seed_1.pth,/home/user/LnL/DFS_HK5/logs/citeseer_svd100_to_cora_svd100_graphcl_135/run_logs/a1_permE__a2_dropN__r_0.2__s_1.attempt_20260804T144915Z_1343893.log,2026-08-04T14:49:53+00:00,
a1=permE|a2=permE|r=0.2|s=1,ok,permE,permE,0.2,0.001,1,Citeseer_Nettack_LCC,Cora_full_clean,3703,1433,100,independent_svd_shape_only,c5acb8034c33d907e4aec92fda71254e59b556367d9c96a92964f75044bbbb3e,100->256->256,2708,13264,5,1,35,265,2408,0.528302,0.529070,222bab03f02c7ef45f502fa51dbd3f836347477496a1864ea847ca3cf993d7b5,/home/user/LnL/DFS_HK5/pre_trained_model_raw/Citeseer.GraphCL.GCN.256_hidden_dim.preprocess_svd_100.aug1_permE.aug2_permE.lr_0.001.ratio_0.2.seed_1.pth,/home/user/LnL/DFS_HK5/logs/citeseer_svd100_to_cora_svd100_graphcl_135/run_logs/a1_permE__a2_permE__r_0.2__s_1.attempt_20260804T144956Z_1343893.log,2026-08-04T14:50:33+00:00,
a1=permE|a2=maskN|r=0.2|s=1,ok,permE,maskN,0.2,0.001,1,Citeseer_Nettack_LCC,Cora_full_clean,3703,1433,100,independent_svd_shape_only,c5acb8034c33d907e4aec92fda71254e59b556367d9c96a92964f75044bbbb3e,100->256->256,2708,13264,5,1,35,265,2408,0.471698,0.453904,f6416ae91f02e64f9132cc3059bc98455a579b451f5fdfd7403f0c7101618c9c,/home/user/LnL/DFS_HK5/pre_trained_model_raw/Citeseer.GraphCL.GCN.256_hidden_dim.preprocess_svd_100.aug1_permE.aug2_maskN.lr_0.001.ratio_0.2.seed_1.pth,/home/user/LnL/DFS_HK5/logs/citeseer_svd100_to_cora_svd100_graphcl_135/run_logs/a1_permE__a2_maskN__r_0.2__s_1.attempt_20260804T145035Z_1343893.log,2026-08-04T14:51:12+00:00,
a1=maskN|a2=dropN|r=0.2|s=1,ok,maskN,dropN,0.2,0.001,1,Citeseer_Nettack_LCC,Cora_full_clean,3703,1433,100,independent_svd_shape_only,c5acb8034c33d907e4aec92fda71254e59b556367d9c96a92964f75044bbbb3e,100->256->256,2708,13264,5,1,35,265,2408,0.516981,0.559801,a0e2ad626e53016ab73da1db02480da203a13b87e3a30e32a6d9f1214c08a51b,/home/user/LnL/DFS_HK5/pre_trained_model_raw/Citeseer.GraphCL.GCN.256_hidden_dim.preprocess_svd_100.aug1_maskN.aug2_dropN.lr_0.001.ratio_0.2.seed_1.pth,/home/user/LnL/DFS_HK5/logs/citeseer_svd100_to_cora_svd100_graphcl_135/run_logs/a1_maskN__a2_dropN__r_0.2__s_1.attempt_20260804T145115Z_1343893.log,2026-08-04T14:51:52+00:00,
a1=maskN|a2=permE|r=0.2|s=1,ok,maskN,permE,0.2,0.001,1,Citeseer_Nettack_LCC,Cora_full_clean,3703,1433,100,independent_svd_shape_only,c5acb8034c33d907e4aec92fda71254e59b556367d9c96a92964f75044bbbb3e,100->256->256,2708,13264,5,1,35,265,2408,0.433962,0.455565,bafe350e76be355238ef984860dbe8caaded2e10ccb4957fe7b9747d58bc9d9c,/home/user/LnL/DFS_HK5/pre_trained_model_raw/Citeseer.GraphCL.GCN.256_hidden_dim.preprocess_svd_100.aug1_maskN.aug2_permE.lr_0.001.ratio_0.2.seed_1.pth,/home/user/LnL/DFS_HK5/logs/citeseer_svd100_to_cora_svd100_graphcl_135/run_logs/a1_maskN__a2_permE__r_0.2__s_1.attempt_20260804T145155Z_1343893.log,2026-08-04T14:52:32+00:00,
a1=maskN|a2=maskN|r=0.2|s=1,ok,maskN,maskN,0.2,0.001,1,Citeseer_Nettack_LCC,Cora_full_clean,3703,1433,100,independent_svd_shape_only,c5acb8034c33d907e4aec92fda71254e59b556367d9c96a92964f75044bbbb3e,100->256->256,2708,13264,5,1,35,265,2408,0.475472,0.526578,e39ccd21eb9e6bdd76b374a4c034576b85c4a1f658a2a35e5b3ef21440df468e,/home/user/LnL/DFS_HK5/pre_trained_model_raw/Citeseer.GraphCL.GCN.256_hidden_dim.preprocess_svd_100.aug1_maskN.aug2_maskN.lr_0.001.ratio_0.2.seed_1.pth,/home/user/LnL/DFS_HK5/logs/citeseer_svd100_to_cora_svd100_graphcl_135/run_logs/a1_maskN__a2_maskN__r_0.2__s_1.attempt_20260804T145235Z_1343893.log,2026-08-04T14:53:12+00:00,
a1=dropN|a2=dropN|r=0.3|s=1,ok,dropN,dropN,0.3,0.001,1,Citeseer_Nettack_LCC,Cora_full_clean,3703,1433,100,independent_svd_shape_only,c5acb8034c33d907e4aec92fda71254e59b556367d9c96a92964f75044bbbb3e,100->256->256,2708,13264,5,1,35,265,2408,0.490566,0.509967,4670da5a1f711da9c9833b52929db626a7ea08751de2372fd615deaa3acfcd04,/home/user/LnL/DFS_HK5/pre_trained_model_raw/Citeseer.GraphCL.GCN.256_hidden_dim.preprocess_svd_100.aug1_dropN.aug2_dropN.lr_0.001.ratio_0.3.seed_1.pth,/home/user/LnL/DFS_HK5/logs/citeseer_svd100_to_cora_svd100_graphcl_135/run_logs/a1_dropN__a2_dropN__r_0.3__s_1.attempt_20260804T145315Z_1343893.log,2026-08-04T14:53:52+00:00,
a1=dropN|a2=permE|r=0.3|s=1,ok,dropN,permE,0.3,0.001,1,Citeseer_Nettack_LCC,Cora_full_clean,3703,1433,100,independent_svd_shape_only,c5acb8034c33d907e4aec92fda71254e59b556367d9c96a92964f75044bbbb3e,100->256->256,2708,13264,5,1,35,265,2408,0.456604,0.468439,62ca879943b6574d97baafd79eea714954d2f36b35cffbcc011a8f6faa1e11fd,/home/user/LnL/DFS_HK5/pre_trained_model_raw/Citeseer.GraphCL.GCN.256_hidden_dim.preprocess_svd_100.aug1_dropN.aug2_permE.lr_0.001.ratio_0.3.seed_1.pth,/home/user/LnL/DFS_HK5/logs/citeseer_svd100_to_cora_svd100_graphcl_135/run_logs/a1_dropN__a2_permE__r_0.3__s_1.attempt_20260804T145355Z_1343893.log,2026-08-04T14:54:33+00:00,
a1=dropN|a2=maskN|r=0.3|s=1,ok,dropN,maskN,0.3,0.001,1,Citeseer_Nettack_LCC,Cora_full_clean,3703,1433,100,independent_svd_shape_only,c5acb8034c33d907e4aec92fda71254e59b556367d9c96a92964f75044bbbb3e,100->256->256,2708,13264,5,1,35,265,2408,0.509434,0.508306,dd538f54acacdfd6218f972618160aef92044550a187dfb14a53c9755d09823d,/home/user/LnL/DFS_HK5/pre_trained_model_raw/Citeseer.GraphCL.GCN.256_hidden_dim.preprocess_svd_100.aug1_dropN.aug2_maskN.lr_0.001.ratio_0.3.seed_1.pth,/home/user/LnL/DFS_HK5/logs/citeseer_svd100_to_cora_svd100_graphcl_135/run_logs/a1_dropN__a2_maskN__r_0.3__s_1.attempt_20260804T145435Z_1343893.log,2026-08-04T14:55:13+00:00,
a1=permE|a2=dropN|r=0.3|s=1,ok,permE,dropN,0.3,0.001,1,Citeseer_Nettack_LCC,Cora_full_clean,3703,1433,100,independent_svd_shape_only,c5acb8034c33d907e4aec92fda71254e59b556367d9c96a92964f75044bbbb3e,100->256->256,2708,13264,5,1,35,265,2408,0.437736,0.465532,cea9e2933e94bcfb5dc197f76052d24cdf85374f0a3dc9a62cf609626c0c760a,/home/user/LnL/DFS_HK5/pre_trained_model_raw/Citeseer.GraphCL.GCN.256_hidden_dim.preprocess_svd_100.aug1_permE.aug2_dropN.lr_0.001.ratio_0.3.seed_1.pth,/home/user/LnL/DFS_HK5/logs/citeseer_svd100_to_cora_svd100_graphcl_135/run_logs/a1_permE__a2_dropN__r_0.3__s_1.attempt_20260804T145515Z_1343893.log,2026-08-04T14:55:53+00:00,
a1=permE|a2=permE|r=0.3|s=1,ok,permE,permE,0.3,0.001,1,Citeseer_Nettack_LCC,Cora_full_clean,3703,1433,100,independent_svd_shape_only,c5acb8034c33d907e4aec92fda71254e59b556367d9c96a92964f75044bbbb3e,100->256->256,2708,13264,5,1,35,265,2408,0.445283,0.476329,28a52a116244ee5e7896cca4886dc2d348afcc649ac6b08541948a16a743efda,/home/user/LnL/DFS_HK5/pre_trained_model_raw/Citeseer.GraphCL.GCN.256_hidden_dim.preprocess_svd_100.aug1_permE.aug2_permE.lr_0.001.ratio_0.3.seed_1.pth,/home/user/LnL/DFS_HK5/logs/citeseer_svd100_to_cora_svd100_graphcl_135/run_logs/a1_permE__a2_permE__r_0.3__s_1.attempt_20260804T145556Z_1343893.log,2026-08-04T14:56:33+00:00,
a1=permE|a2=maskN|r=0.3|s=1,ok,permE,maskN,0.3,0.001,1,Citeseer_Nettack_LCC,Cora_full_clean,3703,1433,100,independent_svd_shape_only,c5acb8034c33d907e4aec92fda71254e59b556367d9c96a92964f75044bbbb3e,100->256->256,2708,13264,5,1,35,265,2408,0.422642,0.440199,78cbe650bd87c251a30f196efd843576003a1d2273e1ea88d9fa8e24aed3fdd4,/home/user/LnL/DFS_HK5/pre_trained_model_raw/Citeseer.GraphCL.GCN.256_hidden_dim.preprocess_svd_100.aug1_permE.aug2_maskN.lr_0.001.ratio_0.3.seed_1.pth,/home/user/LnL/DFS_HK5/logs/citeseer_svd100_to_cora_svd100_graphcl_135/run_logs/a1_permE__a2_maskN__r_0.3__s_1.attempt_20260804T145636Z_1343893.log,2026-08-04T14:57:13+00:00,
a1=maskN|a2=dropN|r=0.3|s=1,ok,maskN,dropN,0.3,0.001,1,Citeseer_Nettack_LCC,Cora_full_clean,3703,1433,100,independent_svd_shape_only,c5acb8034c33d907e4aec92fda71254e59b556367d9c96a92964f75044bbbb3e,100->256->256,2708,13264,5,1,35,265,2408,0.456604,0.498339,777d3206511f1a209edc918ce25f8ec7c8872e7e400ed93b8128bd2f0202042b,/home/user/LnL/DFS_HK5/pre_trained_model_raw/Citeseer.GraphCL.GCN.256_hidden_dim.preprocess_svd_100.aug1_maskN.aug2_dropN.lr_0.001.ratio_0.3.seed_1.pth,/home/user/LnL/DFS_HK5/logs/citeseer_svd100_to_cora_svd100_graphcl_135/run_logs/a1_maskN__a2_dropN__r_0.3__s_1.attempt_20260804T145716Z_1343893.log,2026-08-04T14:57:53+00:00,
a1=maskN|a2=permE|r=0.3|s=1,ok,maskN,permE,0.3,0.001,1,Citeseer_Nettack_LCC,Cora_full_clean,3703,1433,100,independent_svd_shape_only,c5acb8034c33d907e4aec92fda71254e59b556367d9c96a92964f75044bbbb3e,100->256->256,2708,13264,5,1,35,265,2408,0.422642,0.468023,075d2277669d26895383b6c8411d6ac8e33be8a508392778f25b92911ce4f3ae,/home/user/LnL/DFS_HK5/pre_trained_model_raw/Citeseer.GraphCL.GCN.256_hidden_dim.preprocess_svd_100.aug1_maskN.aug2_permE.lr_0.001.ratio_0.3.seed_1.pth,/home/user/LnL/DFS_HK5/logs/citeseer_svd100_to_cora_svd100_graphcl_135/run_logs/a1_maskN__a2_permE__r_0.3__s_1.attempt_20260804T145756Z_1343893.log,2026-08-04T14:58:33+00:00,
a1=maskN|a2=maskN|r=0.3|s=1,ok,maskN,maskN,0.3,0.001,1,Citeseer_Nettack_LCC,Cora_full_clean,3703,1433,100,independent_svd_shape_only,c5acb8034c33d907e4aec92fda71254e59b556367d9c96a92964f75044bbbb3e,100->256->256,2708,13264,5,1,35,265,2408,0.445283,0.519934,318078134637ee9c0f4478f24acec36c3f97abb637f7b4e2c97859c1c0d7c567,/home/user/LnL/DFS_HK5/pre_trained_model_raw/Citeseer.GraphCL.GCN.256_hidden_dim.preprocess_svd_100.aug1_maskN.aug2_maskN.lr_0.001.ratio_0.3.seed_1.pth,/home/user/LnL/DFS_HK5/logs/citeseer_svd100_to_cora_svd100_graphcl_135/run_logs/a1_maskN__a2_maskN__r_0.3__s_1.attempt_20260804T145836Z_1343893.log,2026-08-04T14:59:13+00:00,
a1=dropN|a2=dropN|r=0.1|s=2,ok,dropN,dropN,0.1,0.001,2,Citeseer_Nettack_LCC,Cora_full_clean,3703,1433,100,independent_svd_shape_only,c5acb8034c33d907e4aec92fda71254e59b556367d9c96a92964f75044bbbb3e,100->256->256,2708,13264,5,1,35,265,2408,0.377358,0.411130,d2fb39eae6946d3ab0cd5b6f48c3ec491bf15f790cc364af4905c9a1999d3ac8,/home/user/LnL/DFS_HK5/pre_trained_model_raw/Citeseer.GraphCL.GCN.256_hidden_dim.preprocess_svd_100.aug1_dropN.aug2_dropN.lr_0.001.ratio_0.1.seed_2.pth,/home/user/LnL/DFS_HK5/logs/citeseer_svd100_to_cora_svd100_graphcl_135/run_logs/a1_dropN__a2_dropN__r_0.1__s_2.attempt_20260804T145916Z_1343893.log,2026-08-04T14:59:54+00:00,
a1=dropN|a2=permE|r=0.1|s=2,ok,dropN,permE,0.1,0.001,2,Citeseer_Nettack_LCC,Cora_full_clean,3703,1433,100,independent_svd_shape_only,c5acb8034c33d907e4aec92fda71254e59b556367d9c96a92964f75044bbbb3e,100->256->256,2708,13264,5,1,35,265,2408,0.358491,0.412791,f9d1a34447a8ceeaef0d786d4c4edaf9385a282c3827b61b4b41347bcfe0d426,/home/user/LnL/DFS_HK5/pre_trained_model_raw/Citeseer.GraphCL.GCN.256_hidden_dim.preprocess_svd_100.aug1_dropN.aug2_permE.lr_0.001.ratio_0.1.seed_2.pth,/home/user/LnL/DFS_HK5/logs/citeseer_svd100_to_cora_svd100_graphcl_135/run_logs/a1_dropN__a2_permE__r_0.1__s_2.attempt_20260804T145956Z_1343893.log,2026-08-04T15:00:34+00:00,
a1=dropN|a2=maskN|r=0.1|s=2,ok,dropN,maskN,0.1,0.001,2,Citeseer_Nettack_LCC,Cora_full_clean,3703,1433,100,independent_svd_shape_only,c5acb8034c33d907e4aec92fda71254e59b556367d9c96a92964f75044bbbb3e,100->256->256,2708,13264,5,1,35,265,2408,0.384906,0.467608,7cb0df752c52fcad4b3ad105b6cca761659773e3d5a7c9d81c93a34b13191b1d,/home/user/LnL/DFS_HK5/pre_trained_model_raw/Citeseer.GraphCL.GCN.256_hidden_dim.preprocess_svd_100.aug1_dropN.aug2_maskN.lr_0.001.ratio_0.1.seed_2.pth,/home/user/LnL/DFS_HK5/logs/citeseer_svd100_to_cora_svd100_graphcl_135/run_logs/a1_dropN__a2_maskN__r_0.1__s_2.attempt_20260804T150037Z_1343893.log,2026-08-04T15:01:14+00:00,
a1=permE|a2=dropN|r=0.1|s=2,ok,permE,dropN,0.1,0.001,2,Citeseer_Nettack_LCC,Cora_full_clean,3703,1433,100,independent_svd_shape_only,c5acb8034c33d907e4aec92fda71254e59b556367d9c96a92964f75044bbbb3e,100->256->256,2708,13264,5,1,35,265,2408,0.388679,0.409468,f9192876b2ce5795cf8b6a23842ba1af13dc4cbd026b6757a860ccc66bd27d00,/home/user/LnL/DFS_HK5/pre_trained_model_raw/Citeseer.GraphCL.GCN.256_hidden_dim.preprocess_svd_100.aug1_permE.aug2_dropN.lr_0.001.ratio_0.1.seed_2.pth,/home/user/LnL/DFS_HK5/logs/citeseer_svd100_to_cora_svd100_graphcl_135/run_logs/a1_permE__a2_dropN__r_0.1__s_2.attempt_20260804T150117Z_1343893.log,2026-08-04T15:01:55+00:00,
a1=permE|a2=permE|r=0.1|s=2,ok,permE,permE,0.1,0.001,2,Citeseer_Nettack_LCC,Cora_full_clean,3703,1433,100,independent_svd_shape_only,c5acb8034c33d907e4aec92fda71254e59b556367d9c96a92964f75044bbbb3e,100->256->256,2708,13264,5,1,35,265,2408,0.415094,0.453488,0a0af1a338613bb1094d257a4593b94df2783780648c5be320ff62fd4204a7e9,/home/user/LnL/DFS_HK5/pre_trained_model_raw/Citeseer.GraphCL.GCN.256_hidden_dim.preprocess_svd_100.aug1_permE.aug2_permE.lr_0.001.ratio_0.1.seed_2.pth,/home/user/LnL/DFS_HK5/logs/citeseer_svd100_to_cora_svd100_graphcl_135/run_logs/a1_permE__a2_permE__r_0.1__s_2.attempt_20260804T150157Z_1343893.log,2026-08-04T15:02:34+00:00,
a1=permE|a2=maskN|r=0.1|s=2,ok,permE,maskN,0.1,0.001,2,Citeseer_Nettack_LCC,Cora_full_clean,3703,1433,100,independent_svd_shape_only,c5acb8034c33d907e4aec92fda71254e59b556367d9c96a92964f75044bbbb3e,100->256->256,2708,13264,5,1,35,265,2408,0.320755,0.347591,afdc301ff071644c617f5a568ef6c417160415148ca35c174c2cabeca5dd376d,/home/user/LnL/DFS_HK5/pre_trained_model_raw/Citeseer.GraphCL.GCN.256_hidden_dim.preprocess_svd_100.aug1_permE.aug2_maskN.lr_0.001.ratio_0.1.seed_2.pth,/home/user/LnL/DFS_HK5/logs/citeseer_svd100_to_cora_svd100_graphcl_135/run_logs/a1_permE__a2_maskN__r_0.1__s_2.attempt_20260804T150237Z_1343893.log,2026-08-04T15:03:14+00:00,
a1=maskN|a2=dropN|r=0.1|s=2,ok,maskN,dropN,0.1,0.001,2,Citeseer_Nettack_LCC,Cora_full_clean,3703,1433,100,independent_svd_shape_only,c5acb8034c33d907e4aec92fda71254e59b556367d9c96a92964f75044bbbb3e,100->256->256,2708,13264,5,1,35,265,2408,0.407547,0.435631,fb9b282b77cc4bf781378a532d8e69cfaf38e646560d51cd3e9ab2706595e1b5,/home/user/LnL/DFS_HK5/pre_trained_model_raw/Citeseer.GraphCL.GCN.256_hidden_dim.preprocess_svd_100.aug1_maskN.aug2_dropN.lr_0.001.ratio_0.1.seed_2.pth,/home/user/LnL/DFS_HK5/logs/citeseer_svd100_to_cora_svd100_graphcl_135/run_logs/a1_maskN__a2_dropN__r_0.1__s_2.attempt_20260804T150317Z_1343893.log,2026-08-04T15:03:54+00:00,
a1=maskN|a2=permE|r=0.1|s=2,ok,maskN,permE,0.1,0.001,2,Citeseer_Nettack_LCC,Cora_full_clean,3703,1433,100,independent_svd_shape_only,c5acb8034c33d907e4aec92fda71254e59b556367d9c96a92964f75044bbbb3e,100->256->256,2708,13264,5,1,35,265,2408,0.400000,0.433970,5c54b5c0d01d70d68e6ede30722a33898e56bd81023b584f5a93dd95e443fd66,/home/user/LnL/DFS_HK5/pre_trained_model_raw/Citeseer.GraphCL.GCN.256_hidden_dim.preprocess_svd_100.aug1_maskN.aug2_permE.lr_0.001.ratio_0.1.seed_2.pth,/home/user/LnL/DFS_HK5/logs/citeseer_svd100_to_cora_svd100_graphcl_135/run_logs/a1_maskN__a2_permE__r_0.1__s_2.attempt_20260804T150357Z_1343893.log,2026-08-04T15:04:35+00:00,
a1=maskN|a2=maskN|r=0.1|s=2,ok,maskN,maskN,0.1,0.001,2,Citeseer_Nettack_LCC,Cora_full_clean,3703,1433,100,independent_svd_shape_only,c5acb8034c33d907e4aec92fda71254e59b556367d9c96a92964f75044bbbb3e,100->256->256,2708,13264,5,1,35,265,2408,0.452830,0.509551,e10216d3331cea64e891b5bd96ba2d0efcb8ab7fce256705f3e3c6c963f93750,/home/user/LnL/DFS_HK5/pre_trained_model_raw/Citeseer.GraphCL.GCN.256_hidden_dim.preprocess_svd_100.aug1_maskN.aug2_maskN.lr_0.001.ratio_0.1.seed_2.pth,/home/user/LnL/DFS_HK5/logs/citeseer_svd100_to_cora_svd100_graphcl_135/run_logs/a1_maskN__a2_maskN__r_0.1__s_2.attempt_20260804T150437Z_1343893.log,2026-08-04T15:05:15+00:00,
a1=dropN|a2=dropN|r=0.2|s=2,ok,dropN,dropN,0.2,0.001,2,Citeseer_Nettack_LCC,Cora_full_clean,3703,1433,100,independent_svd_shape_only,c5acb8034c33d907e4aec92fda71254e59b556367d9c96a92964f75044bbbb3e,100->256->256,2708,13264,5,1,35,265,2408,0.464151,0.516611,627bd0090f7f6600966ee9d680b2268879d3cd1f779eb739b5283c5fd0dc897b,/home/user/LnL/DFS_HK5/pre_trained_model_raw/Citeseer.GraphCL.GCN.256_hidden_dim.preprocess_svd_100.aug1_dropN.aug2_dropN.lr_0.001.ratio_0.2.seed_2.pth,/home/user/LnL/DFS_HK5/logs/citeseer_svd100_to_cora_svd100_graphcl_135/run_logs/a1_dropN__a2_dropN__r_0.2__s_2.attempt_20260804T150517Z_1343893.log,2026-08-04T15:05:55+00:00,
a1=dropN|a2=permE|r=0.2|s=2,ok,dropN,permE,0.2,0.001,2,Citeseer_Nettack_LCC,Cora_full_clean,3703,1433,100,independent_svd_shape_only,c5acb8034c33d907e4aec92fda71254e59b556367d9c96a92964f75044bbbb3e,100->256->256,2708,13264,5,1,35,265,2408,0.381132,0.406146,2aa4730027a709c0d20f0da8d72c233affd6b421c6db2560eb9ae90a0a2d077b,/home/user/LnL/DFS_HK5/pre_trained_model_raw/Citeseer.GraphCL.GCN.256_hidden_dim.preprocess_svd_100.aug1_dropN.aug2_permE.lr_0.001.ratio_0.2.seed_2.pth,/home/user/LnL/DFS_HK5/logs/citeseer_svd100_to_cora_svd100_graphcl_135/run_logs/a1_dropN__a2_permE__r_0.2__s_2.attempt_20260804T150558Z_1343893.log,2026-08-04T15:06:35+00:00,
a1=dropN|a2=maskN|r=0.2|s=2,ok,dropN,maskN,0.2,0.001,2,Citeseer_Nettack_LCC,Cora_full_clean,3703,1433,100,independent_svd_shape_only,c5acb8034c33d907e4aec92fda71254e59b556367d9c96a92964f75044bbbb3e,100->256->256,2708,13264,5,1,35,265,2408,0.460377,0.543189,a939d14b1d5d6de8b073a8a16d6c54709aabed405ea17867dce6bc3418e7fd03,/home/user/LnL/DFS_HK5/pre_trained_model_raw/Citeseer.GraphCL.GCN.256_hidden_dim.preprocess_svd_100.aug1_dropN.aug2_maskN.lr_0.001.ratio_0.2.seed_2.pth,/home/user/LnL/DFS_HK5/logs/citeseer_svd100_to_cora_svd100_graphcl_135/run_logs/a1_dropN__a2_maskN__r_0.2__s_2.attempt_20260804T150638Z_1343893.log,2026-08-04T15:07:16+00:00,
a1=permE|a2=dropN|r=0.2|s=2,ok,permE,dropN,0.2,0.001,2,Citeseer_Nettack_LCC,Cora_full_clean,3703,1433,100,independent_svd_shape_only,c5acb8034c33d907e4aec92fda71254e59b556367d9c96a92964f75044bbbb3e,100->256->256,2708,13264,5,1,35,265,2408,0.426415,0.497093,b89d311495004656d06c95d09a497403119f1ac37c86073c5b90a8de6eb59d5c,/home/user/LnL/DFS_HK5/pre_trained_model_raw/Citeseer.GraphCL.GCN.256_hidden_dim.preprocess_svd_100.aug1_permE.aug2_dropN.lr_0.001.ratio_0.2.seed_2.pth,/home/user/LnL/DFS_HK5/logs/citeseer_svd100_to_cora_svd100_graphcl_135/run_logs/a1_permE__a2_dropN__r_0.2__s_2.attempt_20260804T150719Z_1343893.log,2026-08-04T15:07:56+00:00,
a1=permE|a2=permE|r=0.2|s=2,ok,permE,permE,0.2,0.001,2,Citeseer_Nettack_LCC,Cora_full_clean,3703,1433,100,independent_svd_shape_only,c5acb8034c33d907e4aec92fda71254e59b556367d9c96a92964f75044bbbb3e,100->256->256,2708,13264,5,1,35,265,2408,0.350943,0.379153,a52698294c979b65f0e154a944ea137f9fbf4d8d3b3727aa9c9b07136b908328,/home/user/LnL/DFS_HK5/pre_trained_model_raw/Citeseer.GraphCL.GCN.256_hidden_dim.preprocess_svd_100.aug1_permE.aug2_permE.lr_0.001.ratio_0.2.seed_2.pth,/home/user/LnL/DFS_HK5/logs/citeseer_svd100_to_cora_svd100_graphcl_135/run_logs/a1_permE__a2_permE__r_0.2__s_2.attempt_20260804T150759Z_1343893.log,2026-08-04T15:08:36+00:00,
a1=permE|a2=maskN|r=0.2|s=2,ok,permE,maskN,0.2,0.001,2,Citeseer_Nettack_LCC,Cora_full_clean,3703,1433,100,independent_svd_shape_only,c5acb8034c33d907e4aec92fda71254e59b556367d9c96a92964f75044bbbb3e,100->256->256,2708,13264,5,1,35,265,2408,0.339623,0.369601,505c4ac5ec69d1e62b8ac4c52669527842b209209e0a4e259a11b0d55fb07594,/home/user/LnL/DFS_HK5/pre_trained_model_raw/Citeseer.GraphCL.GCN.256_hidden_dim.preprocess_svd_100.aug1_permE.aug2_maskN.lr_0.001.ratio_0.2.seed_2.pth,/home/user/LnL/DFS_HK5/logs/citeseer_svd100_to_cora_svd100_graphcl_135/run_logs/a1_permE__a2_maskN__r_0.2__s_2.attempt_20260804T150839Z_1343893.log,2026-08-04T15:09:17+00:00,
a1=maskN|a2=dropN|r=0.2|s=2,ok,maskN,dropN,0.2,0.001,2,Citeseer_Nettack_LCC,Cora_full_clean,3703,1433,100,independent_svd_shape_only,c5acb8034c33d907e4aec92fda71254e59b556367d9c96a92964f75044bbbb3e,100->256->256,2708,13264,5,1,35,265,2408,0.483019,0.536960,3a78d928b7a2fa59d42f4c45e0af9ba236f8e90a1a87bdebf050bb1f53de0596,/home/user/LnL/DFS_HK5/pre_trained_model_raw/Citeseer.GraphCL.GCN.256_hidden_dim.preprocess_svd_100.aug1_maskN.aug2_dropN.lr_0.001.ratio_0.2.seed_2.pth,/home/user/LnL/DFS_HK5/logs/citeseer_svd100_to_cora_svd100_graphcl_135/run_logs/a1_maskN__a2_dropN__r_0.2__s_2.attempt_20260804T150919Z_1343893.log,2026-08-04T15:09:57+00:00,
a1=maskN|a2=permE|r=0.2|s=2,ok,maskN,permE,0.2,0.001,2,Citeseer_Nettack_LCC,Cora_full_clean,3703,1433,100,independent_svd_shape_only,c5acb8034c33d907e4aec92fda71254e59b556367d9c96a92964f75044bbbb3e,100->256->256,2708,13264,5,1,35,265,2408,0.460377,0.439784,949d9a193f17110b8d99c156f1586cffda3d6b8fa18939a04fc4fd8434b4c344,/home/user/LnL/DFS_HK5/pre_trained_model_raw/Citeseer.GraphCL.GCN.256_hidden_dim.preprocess_svd_100.aug1_maskN.aug2_permE.lr_0.001.ratio_0.2.seed_2.pth,/home/user/LnL/DFS_HK5/logs/citeseer_svd100_to_cora_svd100_graphcl_135/run_logs/a1_maskN__a2_permE__r_0.2__s_2.attempt_20260804T150959Z_1343893.log,2026-08-04T15:10:37+00:00,
a1=maskN|a2=maskN|r=0.2|s=2,ok,maskN,maskN,0.2,0.001,2,Citeseer_Nettack_LCC,Cora_full_clean,3703,1433,100,independent_svd_shape_only,c5acb8034c33d907e4aec92fda71254e59b556367d9c96a92964f75044bbbb3e,100->256->256,2708,13264,5,1,35,265,2408,0.460377,0.483804,668de8857095c997540504f41aac8b0f88863c8d9b73edd3dcc9f5b135172e6c,/home/user/LnL/DFS_HK5/pre_trained_model_raw/Citeseer.GraphCL.GCN.256_hidden_dim.preprocess_svd_100.aug1_maskN.aug2_maskN.lr_0.001.ratio_0.2.seed_2.pth,/home/user/LnL/DFS_HK5/logs/citeseer_svd100_to_cora_svd100_graphcl_135/run_logs/a1_maskN__a2_maskN__r_0.2__s_2.attempt_20260804T151040Z_1343893.log,2026-08-04T15:11:17+00:00,
a1=dropN|a2=dropN|r=0.3|s=2,ok,dropN,dropN,0.3,0.001,2,Citeseer_Nettack_LCC,Cora_full_clean,3703,1433,100,independent_svd_shape_only,c5acb8034c33d907e4aec92fda71254e59b556367d9c96a92964f75044bbbb3e,100->256->256,2708,13264,5,1,35,265,2408,0.381132,0.441445,9ca3a707c818c2c91bab4050c7c0cff1275f6717f66ad19501baeffa7daf5e3b,/home/user/LnL/DFS_HK5/pre_trained_model_raw/Citeseer.GraphCL.GCN.256_hidden_dim.preprocess_svd_100.aug1_dropN.aug2_dropN.lr_0.001.ratio_0.3.seed_2.pth,/home/user/LnL/DFS_HK5/logs/citeseer_svd100_to_cora_svd100_graphcl_135/run_logs/a1_dropN__a2_dropN__r_0.3__s_2.attempt_20260804T151120Z_1343893.log,2026-08-04T15:11:58+00:00,
a1=dropN|a2=permE|r=0.3|s=2,ok,dropN,permE,0.3,0.001,2,Citeseer_Nettack_LCC,Cora_full_clean,3703,1433,100,independent_svd_shape_only,c5acb8034c33d907e4aec92fda71254e59b556367d9c96a92964f75044bbbb3e,100->256->256,2708,13264,5,1,35,265,2408,0.358491,0.409884,6238b6f5df2a9a815ec1d4f139663283011a2eeb6ea99803452618341d4dd92f,/home/user/LnL/DFS_HK5/pre_trained_model_raw/Citeseer.GraphCL.GCN.256_hidden_dim.preprocess_svd_100.aug1_dropN.aug2_permE.lr_0.001.ratio_0.3.seed_2.pth,/home/user/LnL/DFS_HK5/logs/citeseer_svd100_to_cora_svd100_graphcl_135/run_logs/a1_dropN__a2_permE__r_0.3__s_2.attempt_20260804T151200Z_1343893.log,2026-08-04T15:12:38+00:00,
a1=dropN|a2=maskN|r=0.3|s=2,ok,dropN,maskN,0.3,0.001,2,Citeseer_Nettack_LCC,Cora_full_clean,3703,1433,100,independent_svd_shape_only,c5acb8034c33d907e4aec92fda71254e59b556367d9c96a92964f75044bbbb3e,100->256->256,2708,13264,5,1,35,265,2408,0.479245,0.498754,f38ff73cbc0396b53846124edcde02d896fd17337800084fabbc31e9b70d9f8f,/home/user/LnL/DFS_HK5/pre_trained_model_raw/Citeseer.GraphCL.GCN.256_hidden_dim.preprocess_svd_100.aug1_dropN.aug2_maskN.lr_0.001.ratio_0.3.seed_2.pth,/home/user/LnL/DFS_HK5/logs/citeseer_svd100_to_cora_svd100_graphcl_135/run_logs/a1_dropN__a2_maskN__r_0.3__s_2.attempt_20260804T151241Z_1343893.log,2026-08-04T15:13:19+00:00,
a1=permE|a2=dropN|r=0.3|s=2,ok,permE,dropN,0.3,0.001,2,Citeseer_Nettack_LCC,Cora_full_clean,3703,1433,100,independent_svd_shape_only,c5acb8034c33d907e4aec92fda71254e59b556367d9c96a92964f75044bbbb3e,100->256->256,2708,13264,5,1,35,265,2408,0.400000,0.453904,719c811dccbdc565fdf5b19b3b1a84abe42a50ffd2df45f4be3610d63ea0b9b8,/home/user/LnL/DFS_HK5/pre_trained_model_raw/Citeseer.GraphCL.GCN.256_hidden_dim.preprocess_svd_100.aug1_permE.aug2_dropN.lr_0.001.ratio_0.3.seed_2.pth,/home/user/LnL/DFS_HK5/logs/citeseer_svd100_to_cora_svd100_graphcl_135/run_logs/a1_permE__a2_dropN__r_0.3__s_2.attempt_20260804T151321Z_1343893.log,2026-08-04T15:13:59+00:00,
a1=permE|a2=permE|r=0.3|s=2,ok,permE,permE,0.3,0.001,2,Citeseer_Nettack_LCC,Cora_full_clean,3703,1433,100,independent_svd_shape_only,c5acb8034c33d907e4aec92fda71254e59b556367d9c96a92964f75044bbbb3e,100->256->256,2708,13264,5,1,35,265,2408,0.324528,0.365033,597781124ffb6ec6d167aa53b14a05c5f9728994937a686a939ec806969df516,/home/user/LnL/DFS_HK5/pre_trained_model_raw/Citeseer.GraphCL.GCN.256_hidden_dim.preprocess_svd_100.aug1_permE.aug2_permE.lr_0.001.ratio_0.3.seed_2.pth,/home/user/LnL/DFS_HK5/logs/citeseer_svd100_to_cora_svd100_graphcl_135/run_logs/a1_permE__a2_permE__r_0.3__s_2.attempt_20260804T151401Z_1343893.log,2026-08-04T15:14:39+00:00,
a1=permE|a2=maskN|r=0.3|s=2,ok,permE,maskN,0.3,0.001,2,Citeseer_Nettack_LCC,Cora_full_clean,3703,1433,100,independent_svd_shape_only,c5acb8034c33d907e4aec92fda71254e59b556367d9c96a92964f75044bbbb3e,100->256->256,2708,13264,5,1,35,265,2408,0.388679,0.436047,9782c05b99318562f40e3c248538b4ef8784d8b658e05475eb063f7ef981d15d,/home/user/LnL/DFS_HK5/pre_trained_model_raw/Citeseer.GraphCL.GCN.256_hidden_dim.preprocess_svd_100.aug1_permE.aug2_maskN.lr_0.001.ratio_0.3.seed_2.pth,/home/user/LnL/DFS_HK5/logs/citeseer_svd100_to_cora_svd100_graphcl_135/run_logs/a1_permE__a2_maskN__r_0.3__s_2.attempt_20260804T151441Z_1343893.log,2026-08-04T15:15:19+00:00,
a1=maskN|a2=dropN|r=0.3|s=2,ok,maskN,dropN,0.3,0.001,2,Citeseer_Nettack_LCC,Cora_full_clean,3703,1433,100,independent_svd_shape_only,c5acb8034c33d907e4aec92fda71254e59b556367d9c96a92964f75044bbbb3e,100->256->256,2708,13264,5,1,35,265,2408,0.373585,0.439784,e8abbf43a6e3350a30d097ac1a07d42552b6d5b7734b18c1605af00b30846b02,/home/user/LnL/DFS_HK5/pre_trained_model_raw/Citeseer.GraphCL.GCN.256_hidden_dim.preprocess_svd_100.aug1_maskN.aug2_dropN.lr_0.001.ratio_0.3.seed_2.pth,/home/user/LnL/DFS_HK5/logs/citeseer_svd100_to_cora_svd100_graphcl_135/run_logs/a1_maskN__a2_dropN__r_0.3__s_2.attempt_20260804T151522Z_1343893.log,2026-08-04T15:15:59+00:00,
a1=maskN|a2=permE|r=0.3|s=2,ok,maskN,permE,0.3,0.001,2,Citeseer_Nettack_LCC,Cora_full_clean,3703,1433,100,independent_svd_shape_only,c5acb8034c33d907e4aec92fda71254e59b556367d9c96a92964f75044bbbb3e,100->256->256,2708,13264,5,1,35,265,2408,0.437736,0.477159,89c751702d1bbf4a1980ddd1722b8a0de2ce05393d3a03ad6b04ed3f81824bc1,/home/user/LnL/DFS_HK5/pre_trained_model_raw/Citeseer.GraphCL.GCN.256_hidden_dim.preprocess_svd_100.aug1_maskN.aug2_permE.lr_0.001.ratio_0.3.seed_2.pth,/home/user/LnL/DFS_HK5/logs/citeseer_svd100_to_cora_svd100_graphcl_135/run_logs/a1_maskN__a2_permE__r_0.3__s_2.attempt_20260804T151601Z_1343893.log,2026-08-04T15:16:39+00:00,
a1=maskN|a2=maskN|r=0.3|s=2,ok,maskN,maskN,0.3,0.001,2,Citeseer_Nettack_LCC,Cora_full_clean,3703,1433,100,independent_svd_shape_only,c5acb8034c33d907e4aec92fda71254e59b556367d9c96a92964f75044bbbb3e,100->256->256,2708,13264,5,1,35,265,2408,0.437736,0.502907,8b2781492ba0fb541e994906e7e8cd8d677e5359f1e44aa5137511ceb4245a83,/home/user/LnL/DFS_HK5/pre_trained_model_raw/Citeseer.GraphCL.GCN.256_hidden_dim.preprocess_svd_100.aug1_maskN.aug2_maskN.lr_0.001.ratio_0.3.seed_2.pth,/home/user/LnL/DFS_HK5/logs/citeseer_svd100_to_cora_svd100_graphcl_135/run_logs/a1_maskN__a2_maskN__r_0.3__s_2.attempt_20260804T151642Z_1343893.log,2026-08-04T15:17:19+00:00,
a1=dropN|a2=dropN|r=0.1|s=3,ok,dropN,dropN,0.1,0.001,3,Citeseer_Nettack_LCC,Cora_full_clean,3703,1433,100,independent_svd_shape_only,c5acb8034c33d907e4aec92fda71254e59b556367d9c96a92964f75044bbbb3e,100->256->256,2708,13264,5,1,35,265,2408,0.433962,0.465532,450792998935e2e2264db1b03e57bfd69cdd072f84154b9416d3cc3455ee1c70,/home/user/LnL/DFS_HK5/pre_trained_model_raw/Citeseer.GraphCL.GCN.256_hidden_dim.preprocess_svd_100.aug1_dropN.aug2_dropN.lr_0.001.ratio_0.1.seed_3.pth,/home/user/LnL/DFS_HK5/logs/citeseer_svd100_to_cora_svd100_graphcl_135/run_logs/a1_dropN__a2_dropN__r_0.1__s_3.attempt_20260804T151722Z_1343893.log,2026-08-04T15:17:59+00:00,
a1=dropN|a2=permE|r=0.1|s=3,ok,dropN,permE,0.1,0.001,3,Citeseer_Nettack_LCC,Cora_full_clean,3703,1433,100,independent_svd_shape_only,c5acb8034c33d907e4aec92fda71254e59b556367d9c96a92964f75044bbbb3e,100->256->256,2708,13264,5,1,35,265,2408,0.369811,0.428987,a06950baedc08fa2d035e65f69dc2853b6c90cceccfaf5f91772d7cf5c7d23b7,/home/user/LnL/DFS_HK5/pre_trained_model_raw/Citeseer.GraphCL.GCN.256_hidden_dim.preprocess_svd_100.aug1_dropN.aug2_permE.lr_0.001.ratio_0.1.seed_3.pth,/home/user/LnL/DFS_HK5/logs/citeseer_svd100_to_cora_svd100_graphcl_135/run_logs/a1_dropN__a2_permE__r_0.1__s_3.attempt_20260804T151802Z_1343893.log,2026-08-04T15:18:39+00:00,
a1=dropN|a2=maskN|r=0.1|s=3,ok,dropN,maskN,0.1,0.001,3,Citeseer_Nettack_LCC,Cora_full_clean,3703,1433,100,independent_svd_shape_only,c5acb8034c33d907e4aec92fda71254e59b556367d9c96a92964f75044bbbb3e,100->256->256,2708,13264,5,1,35,265,2408,0.418868,0.440615,c13df2f3bbba0fa94d0846fc35c4d30880daa2864fe00a2c71dc529e905a6ff4,/home/user/LnL/DFS_HK5/pre_trained_model_raw/Citeseer.GraphCL.GCN.256_hidden_dim.preprocess_svd_100.aug1_dropN.aug2_maskN.lr_0.001.ratio_0.1.seed_3.pth,/home/user/LnL/DFS_HK5/logs/citeseer_svd100_to_cora_svd100_graphcl_135/run_logs/a1_dropN__a2_maskN__r_0.1__s_3.attempt_20260804T151842Z_1343893.log,2026-08-04T15:19:20+00:00,
a1=permE|a2=dropN|r=0.1|s=3,ok,permE,dropN,0.1,0.001,3,Citeseer_Nettack_LCC,Cora_full_clean,3703,1433,100,independent_svd_shape_only,c5acb8034c33d907e4aec92fda71254e59b556367d9c96a92964f75044bbbb3e,100->256->256,2708,13264,5,1,35,265,2408,0.384906,0.426910,f05aaca06aa98569a3022b5fd17bc89586f724c94165e11f656ae56aa0c0b770,/home/user/LnL/DFS_HK5/pre_trained_model_raw/Citeseer.GraphCL.GCN.256_hidden_dim.preprocess_svd_100.aug1_permE.aug2_dropN.lr_0.001.ratio_0.1.seed_3.pth,/home/user/LnL/DFS_HK5/logs/citeseer_svd100_to_cora_svd100_graphcl_135/run_logs/a1_permE__a2_dropN__r_0.1__s_3.attempt_20260804T151922Z_1343893.log,2026-08-04T15:20:00+00:00,
a1=permE|a2=permE|r=0.1|s=3,ok,permE,permE,0.1,0.001,3,Citeseer_Nettack_LCC,Cora_full_clean,3703,1433,100,independent_svd_shape_only,c5acb8034c33d907e4aec92fda71254e59b556367d9c96a92964f75044bbbb3e,100->256->256,2708,13264,5,1,35,265,2408,0.452830,0.487126,eb9dc435ebd625820745caebad7bed18a29fd76a4831148934bc1a6bd3a3bee4,/home/user/LnL/DFS_HK5/pre_trained_model_raw/Citeseer.GraphCL.GCN.256_hidden_dim.preprocess_svd_100.aug1_permE.aug2_permE.lr_0.001.ratio_0.1.seed_3.pth,/home/user/LnL/DFS_HK5/logs/citeseer_svd100_to_cora_svd100_graphcl_135/run_logs/a1_permE__a2_permE__r_0.1__s_3.attempt_20260804T152003Z_1343893.log,2026-08-04T15:20:40+00:00,
a1=permE|a2=maskN|r=0.1|s=3,ok,permE,maskN,0.1,0.001,3,Citeseer_Nettack_LCC,Cora_full_clean,3703,1433,100,independent_svd_shape_only,c5acb8034c33d907e4aec92fda71254e59b556367d9c96a92964f75044bbbb3e,100->256->256,2708,13264,5,1,35,265,2408,0.358491,0.374585,5d3dc1697fbfb2b9279830e7dbf2eb047c6d3c26f341424a66de03c6ac975896,/home/user/LnL/DFS_HK5/pre_trained_model_raw/Citeseer.GraphCL.GCN.256_hidden_dim.preprocess_svd_100.aug1_permE.aug2_maskN.lr_0.001.ratio_0.1.seed_3.pth,/home/user/LnL/DFS_HK5/logs/citeseer_svd100_to_cora_svd100_graphcl_135/run_logs/a1_permE__a2_maskN__r_0.1__s_3.attempt_20260804T152043Z_1343893.log,2026-08-04T15:21:20+00:00,
a1=maskN|a2=dropN|r=0.1|s=3,ok,maskN,dropN,0.1,0.001,3,Citeseer_Nettack_LCC,Cora_full_clean,3703,1433,100,independent_svd_shape_only,c5acb8034c33d907e4aec92fda71254e59b556367d9c96a92964f75044bbbb3e,100->256->256,2708,13264,5,1,35,265,2408,0.464151,0.458056,f050a0c140b1474722f1511345fb0976566770bdb77f5c20cbcb5102fb52b0fe,/home/user/LnL/DFS_HK5/pre_trained_model_raw/Citeseer.GraphCL.GCN.256_hidden_dim.preprocess_svd_100.aug1_maskN.aug2_dropN.lr_0.001.ratio_0.1.seed_3.pth,/home/user/LnL/DFS_HK5/logs/citeseer_svd100_to_cora_svd100_graphcl_135/run_logs/a1_maskN__a2_dropN__r_0.1__s_3.attempt_20260804T152123Z_1343893.log,2026-08-04T15:22:01+00:00,
a1=maskN|a2=permE|r=0.1|s=3,ok,maskN,permE,0.1,0.001,3,Citeseer_Nettack_LCC,Cora_full_clean,3703,1433,100,independent_svd_shape_only,c5acb8034c33d907e4aec92fda71254e59b556367d9c96a92964f75044bbbb3e,100->256->256,2708,13264,5,1,35,265,2408,0.452830,0.450581,9c0fa67cb9248d3df496bf635907a074981e0ab5c50e0818fedde2086ae72bc0,/home/user/LnL/DFS_HK5/pre_trained_model_raw/Citeseer.GraphCL.GCN.256_hidden_dim.preprocess_svd_100.aug1_maskN.aug2_permE.lr_0.001.ratio_0.1.seed_3.pth,/home/user/LnL/DFS_HK5/logs/citeseer_svd100_to_cora_svd100_graphcl_135/run_logs/a1_maskN__a2_permE__r_0.1__s_3.attempt_20260804T152203Z_1343893.log,2026-08-04T15:22:41+00:00,
a1=maskN|a2=maskN|r=0.1|s=3,ok,maskN,maskN,0.1,0.001,3,Citeseer_Nettack_LCC,Cora_full_clean,3703,1433,100,independent_svd_shape_only,c5acb8034c33d907e4aec92fda71254e59b556367d9c96a92964f75044bbbb3e,100->256->256,2708,13264,5,1,35,265,2408,0.460377,0.482558,3b3393b8d53088848a3f22677833632a98e7917f07c3843e2517cb56b133bada,/home/user/LnL/DFS_HK5/pre_trained_model_raw/Citeseer.GraphCL.GCN.256_hidden_dim.preprocess_svd_100.aug1_maskN.aug2_maskN.lr_0.001.ratio_0.1.seed_3.pth,/home/user/LnL/DFS_HK5/logs/citeseer_svd100_to_cora_svd100_graphcl_135/run_logs/a1_maskN__a2_maskN__r_0.1__s_3.attempt_20260804T152244Z_1343893.log,2026-08-04T15:23:22+00:00,
a1=dropN|a2=dropN|r=0.2|s=3,ok,dropN,dropN,0.2,0.001,3,Citeseer_Nettack_LCC,Cora_full_clean,3703,1433,100,independent_svd_shape_only,c5acb8034c33d907e4aec92fda71254e59b556367d9c96a92964f75044bbbb3e,100->256->256,2708,13264,5,1,35,265,2408,0.494340,0.511213,d175ea779b92d60ff26b649b7f2c50a7aca0eb12561bc9eec55da967050e0b77,/home/user/LnL/DFS_HK5/pre_trained_model_raw/Citeseer.GraphCL.GCN.256_hidden_dim.preprocess_svd_100.aug1_dropN.aug2_dropN.lr_0.001.ratio_0.2.seed_3.pth,/home/user/LnL/DFS_HK5/logs/citeseer_svd100_to_cora_svd100_graphcl_135/run_logs/a1_dropN__a2_dropN__r_0.2__s_3.attempt_20260804T152324Z_1343893.log,2026-08-04T15:24:02+00:00,
a1=dropN|a2=permE|r=0.2|s=3,ok,dropN,permE,0.2,0.001,3,Citeseer_Nettack_LCC,Cora_full_clean,3703,1433,100,independent_svd_shape_only,c5acb8034c33d907e4aec92fda71254e59b556367d9c96a92964f75044bbbb3e,100->256->256,2708,13264,5,1,35,265,2408,0.411321,0.454734,44c0113811baa2286fed7922a32c137c1900726eed08d53b8f64ecfd74a664cb,/home/user/LnL/DFS_HK5/pre_trained_model_raw/Citeseer.GraphCL.GCN.256_hidden_dim.preprocess_svd_100.aug1_dropN.aug2_permE.lr_0.001.ratio_0.2.seed_3.pth,/home/user/LnL/DFS_HK5/logs/citeseer_svd100_to_cora_svd100_graphcl_135/run_logs/a1_dropN__a2_permE__r_0.2__s_3.attempt_20260804T152405Z_1343893.log,2026-08-04T15:24:43+00:00,
a1=dropN|a2=maskN|r=0.2|s=3,ok,dropN,maskN,0.2,0.001,3,Citeseer_Nettack_LCC,Cora_full_clean,3703,1433,100,independent_svd_shape_only,c5acb8034c33d907e4aec92fda71254e59b556367d9c96a92964f75044bbbb3e,100->256->256,2708,13264,5,1,35,265,2408,0.464151,0.513704,dccba7a1e7f16f26292686938a31031bff29ef354d22e04b8c84f8bedec3dd10,/home/user/LnL/DFS_HK5/pre_trained_model_raw/Citeseer.GraphCL.GCN.256_hidden_dim.preprocess_svd_100.aug1_dropN.aug2_maskN.lr_0.001.ratio_0.2.seed_3.pth,/home/user/LnL/DFS_HK5/logs/citeseer_svd100_to_cora_svd100_graphcl_135/run_logs/a1_dropN__a2_maskN__r_0.2__s_3.attempt_20260804T152445Z_1343893.log,2026-08-04T15:25:23+00:00,
a1=permE|a2=dropN|r=0.2|s=3,ok,permE,dropN,0.2,0.001,3,Citeseer_Nettack_LCC,Cora_full_clean,3703,1433,100,independent_svd_shape_only,c5acb8034c33d907e4aec92fda71254e59b556367d9c96a92964f75044bbbb3e,100->256->256,2708,13264,5,1,35,265,2408,0.358491,0.414867,669e8d7b40d2b71c4de2bd8e4383c222b5102d6de74148a2131f56692681d912,/home/user/LnL/DFS_HK5/pre_trained_model_raw/Citeseer.GraphCL.GCN.256_hidden_dim.preprocess_svd_100.aug1_permE.aug2_dropN.lr_0.001.ratio_0.2.seed_3.pth,/home/user/LnL/DFS_HK5/logs/citeseer_svd100_to_cora_svd100_graphcl_135/run_logs/a1_permE__a2_dropN__r_0.2__s_3.attempt_20260804T152526Z_1343893.log,2026-08-04T15:26:03+00:00,
a1=permE|a2=permE|r=0.2|s=3,ok,permE,permE,0.2,0.001,3,Citeseer_Nettack_LCC,Cora_full_clean,3703,1433,100,independent_svd_shape_only,c5acb8034c33d907e4aec92fda71254e59b556367d9c96a92964f75044bbbb3e,100->256->256,2708,13264,5,1,35,265,2408,0.460377,0.497924,90ed041cec8bc22ab98420cf87ca69b5cc336fed908e5ae822e9ee4bdc54570b,/home/user/LnL/DFS_HK5/pre_trained_model_raw/Citeseer.GraphCL.GCN.256_hidden_dim.preprocess_svd_100.aug1_permE.aug2_permE.lr_0.001.ratio_0.2.seed_3.pth,/home/user/LnL/DFS_HK5/logs/citeseer_svd100_to_cora_svd100_graphcl_135/run_logs/a1_permE__a2_permE__r_0.2__s_3.attempt_20260804T152606Z_1343893.log,2026-08-04T15:26:44+00:00,
a1=permE|a2=maskN|r=0.2|s=3,ok,permE,maskN,0.2,0.001,3,Citeseer_Nettack_LCC,Cora_full_clean,3703,1433,100,independent_svd_shape_only,c5acb8034c33d907e4aec92fda71254e59b556367d9c96a92964f75044bbbb3e,100->256->256,2708,13264,5,1,35,265,2408,0.384906,0.415698,2a218fd7ad69f913303f597023b9aa226ce437a2eda3b4dd812a7f7270061972,/home/user/LnL/DFS_HK5/pre_trained_model_raw/Citeseer.GraphCL.GCN.256_hidden_dim.preprocess_svd_100.aug1_permE.aug2_maskN.lr_0.001.ratio_0.2.seed_3.pth,/home/user/LnL/DFS_HK5/logs/citeseer_svd100_to_cora_svd100_graphcl_135/run_logs/a1_permE__a2_maskN__r_0.2__s_3.attempt_20260804T152646Z_1343893.log,2026-08-04T15:27:24+00:00,
a1=maskN|a2=dropN|r=0.2|s=3,ok,maskN,dropN,0.2,0.001,3,Citeseer_Nettack_LCC,Cora_full_clean,3703,1433,100,independent_svd_shape_only,c5acb8034c33d907e4aec92fda71254e59b556367d9c96a92964f75044bbbb3e,100->256->256,2708,13264,5,1,35,265,2408,0.407547,0.450166,758992befc4f1bd8dd5efebf1908e09fb91792f1bb35cfab785df25c6b6ad4b6,/home/user/LnL/DFS_HK5/pre_trained_model_raw/Citeseer.GraphCL.GCN.256_hidden_dim.preprocess_svd_100.aug1_maskN.aug2_dropN.lr_0.001.ratio_0.2.seed_3.pth,/home/user/LnL/DFS_HK5/logs/citeseer_svd100_to_cora_svd100_graphcl_135/run_logs/a1_maskN__a2_dropN__r_0.2__s_3.attempt_20260804T152727Z_1343893.log,2026-08-04T15:28:05+00:00,
a1=maskN|a2=permE|r=0.2|s=3,ok,maskN,permE,0.2,0.001,3,Citeseer_Nettack_LCC,Cora_full_clean,3703,1433,100,independent_svd_shape_only,c5acb8034c33d907e4aec92fda71254e59b556367d9c96a92964f75044bbbb3e,100->256->256,2708,13264,5,1,35,265,2408,0.400000,0.479651,c44c979e6168ca7af2fd9c5d8eeaf678f4eea27123b8caa426f173d85191b909,/home/user/LnL/DFS_HK5/pre_trained_model_raw/Citeseer.GraphCL.GCN.256_hidden_dim.preprocess_svd_100.aug1_maskN.aug2_permE.lr_0.001.ratio_0.2.seed_3.pth,/home/user/LnL/DFS_HK5/logs/citeseer_svd100_to_cora_svd100_graphcl_135/run_logs/a1_maskN__a2_permE__r_0.2__s_3.attempt_20260804T152807Z_1343893.log,2026-08-04T15:28:46+00:00,
a1=maskN|a2=maskN|r=0.2|s=3,ok,maskN,maskN,0.2,0.001,3,Citeseer_Nettack_LCC,Cora_full_clean,3703,1433,100,independent_svd_shape_only,c5acb8034c33d907e4aec92fda71254e59b556367d9c96a92964f75044bbbb3e,100->256->256,2708,13264,5,1,35,265,2408,0.309434,0.360465,3ddc93bd2268ac0b98ea0e64c966427fe138675046aa4b7ca32b572ac7779b18,/home/user/LnL/DFS_HK5/pre_trained_model_raw/Citeseer.GraphCL.GCN.256_hidden_dim.preprocess_svd_100.aug1_maskN.aug2_maskN.lr_0.001.ratio_0.2.seed_3.pth,/home/user/LnL/DFS_HK5/logs/citeseer_svd100_to_cora_svd100_graphcl_135/run_logs/a1_maskN__a2_maskN__r_0.2__s_3.attempt_20260804T152848Z_1343893.log,2026-08-04T15:29:26+00:00,
a1=dropN|a2=dropN|r=0.3|s=3,ok,dropN,dropN,0.3,0.001,3,Citeseer_Nettack_LCC,Cora_full_clean,3703,1433,100,independent_svd_shape_only,c5acb8034c33d907e4aec92fda71254e59b556367d9c96a92964f75044bbbb3e,100->256->256,2708,13264,5,1,35,265,2408,0.377358,0.407807,6d6f09e66d263d2b21a92c4d2bbceb26a1c0091a8a2a5656f01785fc2ae8fe3d,/home/user/LnL/DFS_HK5/pre_trained_model_raw/Citeseer.GraphCL.GCN.256_hidden_dim.preprocess_svd_100.aug1_dropN.aug2_dropN.lr_0.001.ratio_0.3.seed_3.pth,/home/user/LnL/DFS_HK5/logs/citeseer_svd100_to_cora_svd100_graphcl_135/run_logs/a1_dropN__a2_dropN__r_0.3__s_3.attempt_20260804T152929Z_1343893.log,2026-08-04T15:30:06+00:00,
a1=dropN|a2=permE|r=0.3|s=3,ok,dropN,permE,0.3,0.001,3,Citeseer_Nettack_LCC,Cora_full_clean,3703,1433,100,independent_svd_shape_only,c5acb8034c33d907e4aec92fda71254e59b556367d9c96a92964f75044bbbb3e,100->256->256,2708,13264,5,1,35,265,2408,0.441509,0.471346,487720ef59086e0bbb0f08e0a4c7730337891cf523ee1987cce30d9c8569a129,/home/user/LnL/DFS_HK5/pre_trained_model_raw/Citeseer.GraphCL.GCN.256_hidden_dim.preprocess_svd_100.aug1_dropN.aug2_permE.lr_0.001.ratio_0.3.seed_3.pth,/home/user/LnL/DFS_HK5/logs/citeseer_svd100_to_cora_svd100_graphcl_135/run_logs/a1_dropN__a2_permE__r_0.3__s_3.attempt_20260804T153009Z_1343893.log,2026-08-04T15:30:47+00:00,
a1=dropN|a2=maskN|r=0.3|s=3,ok,dropN,maskN,0.3,0.001,3,Citeseer_Nettack_LCC,Cora_full_clean,3703,1433,100,independent_svd_shape_only,c5acb8034c33d907e4aec92fda71254e59b556367d9c96a92964f75044bbbb3e,100->256->256,2708,13264,5,1,35,265,2408,0.358491,0.419020,d7ccde8833ddcf85167f881931bd99664ec6838ff9680f43d7963f952ef53c91,/home/user/LnL/DFS_HK5/pre_trained_model_raw/Citeseer.GraphCL.GCN.256_hidden_dim.preprocess_svd_100.aug1_dropN.aug2_maskN.lr_0.001.ratio_0.3.seed_3.pth,/home/user/LnL/DFS_HK5/logs/citeseer_svd100_to_cora_svd100_graphcl_135/run_logs/a1_dropN__a2_maskN__r_0.3__s_3.attempt_20260804T153049Z_1343893.log,2026-08-04T15:31:27+00:00,
a1=permE|a2=dropN|r=0.3|s=3,ok,permE,dropN,0.3,0.001,3,Citeseer_Nettack_LCC,Cora_full_clean,3703,1433,100,independent_svd_shape_only,c5acb8034c33d907e4aec92fda71254e59b556367d9c96a92964f75044bbbb3e,100->256->256,2708,13264,5,1,35,265,2408,0.358491,0.387458,2a292f7a4ca786630689572880066ba4e93818e8a9b15ca9a6ace24e0d8df11d,/home/user/LnL/DFS_HK5/pre_trained_model_raw/Citeseer.GraphCL.GCN.256_hidden_dim.preprocess_svd_100.aug1_permE.aug2_dropN.lr_0.001.ratio_0.3.seed_3.pth,/home/user/LnL/DFS_HK5/logs/citeseer_svd100_to_cora_svd100_graphcl_135/run_logs/a1_permE__a2_dropN__r_0.3__s_3.attempt_20260804T153130Z_1343893.log,2026-08-04T15:32:08+00:00,
a1=permE|a2=permE|r=0.3|s=3,ok,permE,permE,0.3,0.001,3,Citeseer_Nettack_LCC,Cora_full_clean,3703,1433,100,independent_svd_shape_only,c5acb8034c33d907e4aec92fda71254e59b556367d9c96a92964f75044bbbb3e,100->256->256,2708,13264,5,1,35,265,2408,0.426415,0.442276,7503f8ab4aa55500ce63c84748905da8c3c9c6943af8ca1f2edd3b307d913c9b,/home/user/LnL/DFS_HK5/pre_trained_model_raw/Citeseer.GraphCL.GCN.256_hidden_dim.preprocess_svd_100.aug1_permE.aug2_permE.lr_0.001.ratio_0.3.seed_3.pth,/home/user/LnL/DFS_HK5/logs/citeseer_svd100_to_cora_svd100_graphcl_135/run_logs/a1_permE__a2_permE__r_0.3__s_3.attempt_20260804T153210Z_1343893.log,2026-08-04T15:32:48+00:00,
a1=permE|a2=maskN|r=0.3|s=3,ok,permE,maskN,0.3,0.001,3,Citeseer_Nettack_LCC,Cora_full_clean,3703,1433,100,independent_svd_shape_only,c5acb8034c33d907e4aec92fda71254e59b556367d9c96a92964f75044bbbb3e,100->256->256,2708,13264,5,1,35,265,2408,0.377358,0.394518,6bd25445ecd4b916059f84c8b12cc1bb272d32f3f8ac138f9a8cfa1326ff3cc2,/home/user/LnL/DFS_HK5/pre_trained_model_raw/Citeseer.GraphCL.GCN.256_hidden_dim.preprocess_svd_100.aug1_permE.aug2_maskN.lr_0.001.ratio_0.3.seed_3.pth,/home/user/LnL/DFS_HK5/logs/citeseer_svd100_to_cora_svd100_graphcl_135/run_logs/a1_permE__a2_maskN__r_0.3__s_3.attempt_20260804T153250Z_1343893.log,2026-08-04T15:33:27+00:00,
a1=maskN|a2=dropN|r=0.3|s=3,ok,maskN,dropN,0.3,0.001,3,Citeseer_Nettack_LCC,Cora_full_clean,3703,1433,100,independent_svd_shape_only,c5acb8034c33d907e4aec92fda71254e59b556367d9c96a92964f75044bbbb3e,100->256->256,2708,13264,5,1,35,265,2408,0.467925,0.517857,644096571fbd5ecd50c902e07cef4efc938ad97f0c547931fb2cf4e406690365,/home/user/LnL/DFS_HK5/pre_trained_model_raw/Citeseer.GraphCL.GCN.256_hidden_dim.preprocess_svd_100.aug1_maskN.aug2_dropN.lr_0.001.ratio_0.3.seed_3.pth,/home/user/LnL/DFS_HK5/logs/citeseer_svd100_to_cora_svd100_graphcl_135/run_logs/a1_maskN__a2_dropN__r_0.3__s_3.attempt_20260804T153330Z_1343893.log,2026-08-04T15:34:08+00:00,
a1=maskN|a2=permE|r=0.3|s=3,ok,maskN,permE,0.3,0.001,3,Citeseer_Nettack_LCC,Cora_full_clean,3703,1433,100,independent_svd_shape_only,c5acb8034c33d907e4aec92fda71254e59b556367d9c96a92964f75044bbbb3e,100->256->256,2708,13264,5,1,35,265,2408,0.437736,0.463455,fa5b00d2a792c3f1925709434936d6bf5fa08e3d5e0078bdec89cef49e8a1f0b,/home/user/LnL/DFS_HK5/pre_trained_model_raw/Citeseer.GraphCL.GCN.256_hidden_dim.preprocess_svd_100.aug1_maskN.aug2_permE.lr_0.001.ratio_0.3.seed_3.pth,/home/user/LnL/DFS_HK5/logs/citeseer_svd100_to_cora_svd100_graphcl_135/run_logs/a1_maskN__a2_permE__r_0.3__s_3.attempt_20260804T153410Z_1343893.log,2026-08-04T15:34:48+00:00,
a1=maskN|a2=maskN|r=0.3|s=3,ok,maskN,maskN,0.3,0.001,3,Citeseer_Nettack_LCC,Cora_full_clean,3703,1433,100,independent_svd_shape_only,c5acb8034c33d907e4aec92fda71254e59b556367d9c96a92964f75044bbbb3e,100->256->256,2708,13264,5,1,35,265,2408,0.467925,0.523671,20b5a854e4a20138bc0aaac483cdd312900966b4c57415f26c09ff46b1ecfd89,/home/user/LnL/DFS_HK5/pre_trained_model_raw/Citeseer.GraphCL.GCN.256_hidden_dim.preprocess_svd_100.aug1_maskN.aug2_maskN.lr_0.001.ratio_0.3.seed_3.pth,/home/user/LnL/DFS_HK5/logs/citeseer_svd100_to_cora_svd100_graphcl_135/run_logs/a1_maskN__a2_maskN__r_0.3__s_3.attempt_20260804T153451Z_1343893.log,2026-08-04T15:35:28+00:00,
a1=dropN|a2=dropN|r=0.1|s=4,ok,dropN,dropN,0.1,0.001,4,Citeseer_Nettack_LCC,Cora_full_clean,3703,1433,100,independent_svd_shape_only,c5acb8034c33d907e4aec92fda71254e59b556367d9c96a92964f75044bbbb3e,100->256->256,2708,13264,5,1,35,265,2408,0.471698,0.508306,7991bce1aaa17248e929f842c69f2917371bf12cb99161f486f9dc8f89f59c11,/home/user/LnL/DFS_HK5/pre_trained_model_raw/Citeseer.GraphCL.GCN.256_hidden_dim.preprocess_svd_100.aug1_dropN.aug2_dropN.lr_0.001.ratio_0.1.seed_4.pth,/home/user/LnL/DFS_HK5/logs/citeseer_svd100_to_cora_svd100_graphcl_135/run_logs/a1_dropN__a2_dropN__r_0.1__s_4.attempt_20260804T153531Z_1343893.log,2026-08-04T15:36:09+00:00,
a1=dropN|a2=permE|r=0.1|s=4,ok,dropN,permE,0.1,0.001,4,Citeseer_Nettack_LCC,Cora_full_clean,3703,1433,100,independent_svd_shape_only,c5acb8034c33d907e4aec92fda71254e59b556367d9c96a92964f75044bbbb3e,100->256->256,2708,13264,5,1,35,265,2408,0.471698,0.488787,d4fa6c7ad1bcbc7e1c78b7b4b871bc4cb229fcc775f3f68abefd6b9d261d66c8,/home/user/LnL/DFS_HK5/pre_trained_model_raw/Citeseer.GraphCL.GCN.256_hidden_dim.preprocess_svd_100.aug1_dropN.aug2_permE.lr_0.001.ratio_0.1.seed_4.pth,/home/user/LnL/DFS_HK5/logs/citeseer_svd100_to_cora_svd100_graphcl_135/run_logs/a1_dropN__a2_permE__r_0.1__s_4.attempt_20260804T153611Z_1343893.log,2026-08-04T15:36:49+00:00,
a1=dropN|a2=maskN|r=0.1|s=4,ok,dropN,maskN,0.1,0.001,4,Citeseer_Nettack_LCC,Cora_full_clean,3703,1433,100,independent_svd_shape_only,c5acb8034c33d907e4aec92fda71254e59b556367d9c96a92964f75044bbbb3e,100->256->256,2708,13264,5,1,35,265,2408,0.467925,0.512874,2f23da7eb857f15eda6fc58115042d58bcfe454ced9b2a821a261f02fdc243af,/home/user/LnL/DFS_HK5/pre_trained_model_raw/Citeseer.GraphCL.GCN.256_hidden_dim.preprocess_svd_100.aug1_dropN.aug2_maskN.lr_0.001.ratio_0.1.seed_4.pth,/home/user/LnL/DFS_HK5/logs/citeseer_svd100_to_cora_svd100_graphcl_135/run_logs/a1_dropN__a2_maskN__r_0.1__s_4.attempt_20260804T153652Z_1343893.log,2026-08-04T15:37:30+00:00,
a1=permE|a2=dropN|r=0.1|s=4,ok,permE,dropN,0.1,0.001,4,Citeseer_Nettack_LCC,Cora_full_clean,3703,1433,100,independent_svd_shape_only,c5acb8034c33d907e4aec92fda71254e59b556367d9c96a92964f75044bbbb3e,100->256->256,2708,13264,5,1,35,265,2408,0.464151,0.473007,4953e0c21732f6e0c034e11afe93aa22fef40ed6c7bd6ff8be7865d3fe1d21ce,/home/user/LnL/DFS_HK5/pre_trained_model_raw/Citeseer.GraphCL.GCN.256_hidden_dim.preprocess_svd_100.aug1_permE.aug2_dropN.lr_0.001.ratio_0.1.seed_4.pth,/home/user/LnL/DFS_HK5/logs/citeseer_svd100_to_cora_svd100_graphcl_135/run_logs/a1_permE__a2_dropN__r_0.1__s_4.attempt_20260804T153732Z_1343893.log,2026-08-04T15:38:10+00:00,
a1=permE|a2=permE|r=0.1|s=4,ok,permE,permE,0.1,0.001,4,Citeseer_Nettack_LCC,Cora_full_clean,3703,1433,100,independent_svd_shape_only,c5acb8034c33d907e4aec92fda71254e59b556367d9c96a92964f75044bbbb3e,100->256->256,2708,13264,5,1,35,265,2408,0.505660,0.556478,a108a236d9a97a890496fd51f1989c475a71c6aec633a043897882ca27acb5ad,/home/user/LnL/DFS_HK5/pre_trained_model_raw/Citeseer.GraphCL.GCN.256_hidden_dim.preprocess_svd_100.aug1_permE.aug2_permE.lr_0.001.ratio_0.1.seed_4.pth,/home/user/LnL/DFS_HK5/logs/citeseer_svd100_to_cora_svd100_graphcl_135/run_logs/a1_permE__a2_permE__r_0.1__s_4.attempt_20260804T153813Z_1343893.log,2026-08-04T15:38:50+00:00,
a1=permE|a2=maskN|r=0.1|s=4,ok,permE,maskN,0.1,0.001,4,Citeseer_Nettack_LCC,Cora_full_clean,3703,1433,100,independent_svd_shape_only,c5acb8034c33d907e4aec92fda71254e59b556367d9c96a92964f75044bbbb3e,100->256->256,2708,13264,5,1,35,265,2408,0.505660,0.526993,9d323921bd44be4a6291bd534651ea0c94b324fbcb150f99f5f217209304a871,/home/user/LnL/DFS_HK5/pre_trained_model_raw/Citeseer.GraphCL.GCN.256_hidden_dim.preprocess_svd_100.aug1_permE.aug2_maskN.lr_0.001.ratio_0.1.seed_4.pth,/home/user/LnL/DFS_HK5/logs/citeseer_svd100_to_cora_svd100_graphcl_135/run_logs/a1_permE__a2_maskN__r_0.1__s_4.attempt_20260804T153853Z_1343893.log,2026-08-04T15:39:30+00:00,
a1=maskN|a2=dropN|r=0.1|s=4,ok,maskN,dropN,0.1,0.001,4,Citeseer_Nettack_LCC,Cora_full_clean,3703,1433,100,independent_svd_shape_only,c5acb8034c33d907e4aec92fda71254e59b556367d9c96a92964f75044bbbb3e,100->256->256,2708,13264,5,1,35,265,2408,0.452830,0.497924,a58fa837d09f13f9ef42e68bf3879b4c7a843eafb18df2e9a0523f08c651fda4,/home/user/LnL/DFS_HK5/pre_trained_model_raw/Citeseer.GraphCL.GCN.256_hidden_dim.preprocess_svd_100.aug1_maskN.aug2_dropN.lr_0.001.ratio_0.1.seed_4.pth,/home/user/LnL/DFS_HK5/logs/citeseer_svd100_to_cora_svd100_graphcl_135/run_logs/a1_maskN__a2_dropN__r_0.1__s_4.attempt_20260804T153933Z_1343893.log,2026-08-04T15:40:10+00:00,
a1=maskN|a2=permE|r=0.1|s=4,ok,maskN,permE,0.1,0.001,4,Citeseer_Nettack_LCC,Cora_full_clean,3703,1433,100,independent_svd_shape_only,c5acb8034c33d907e4aec92fda71254e59b556367d9c96a92964f75044bbbb3e,100->256->256,2708,13264,5,1,35,265,2408,0.430189,0.487957,9b1bdca2e377d19f37705144fcf50b49ad67027d71555b17f467dace3c12d935,/home/user/LnL/DFS_HK5/pre_trained_model_raw/Citeseer.GraphCL.GCN.256_hidden_dim.preprocess_svd_100.aug1_maskN.aug2_permE.lr_0.001.ratio_0.1.seed_4.pth,/home/user/LnL/DFS_HK5/logs/citeseer_svd100_to_cora_svd100_graphcl_135/run_logs/a1_maskN__a2_permE__r_0.1__s_4.attempt_20260804T154012Z_1343893.log,2026-08-04T15:40:50+00:00,
a1=maskN|a2=maskN|r=0.1|s=4,ok,maskN,maskN,0.1,0.001,4,Citeseer_Nettack_LCC,Cora_full_clean,3703,1433,100,independent_svd_shape_only,c5acb8034c33d907e4aec92fda71254e59b556367d9c96a92964f75044bbbb3e,100->256->256,2708,13264,5,1,35,265,2408,0.501887,0.546927,e298f598ae18186c55f1e7bbf52f10091bafb2776a30f39f89beab876986596b,/home/user/LnL/DFS_HK5/pre_trained_model_raw/Citeseer.GraphCL.GCN.256_hidden_dim.preprocess_svd_100.aug1_maskN.aug2_maskN.lr_0.001.ratio_0.1.seed_4.pth,/home/user/LnL/DFS_HK5/logs/citeseer_svd100_to_cora_svd100_graphcl_135/run_logs/a1_maskN__a2_maskN__r_0.1__s_4.attempt_20260804T154053Z_1343893.log,2026-08-04T15:41:30+00:00,
a1=dropN|a2=dropN|r=0.2|s=4,ok,dropN,dropN,0.2,0.001,4,Citeseer_Nettack_LCC,Cora_full_clean,3703,1433,100,independent_svd_shape_only,c5acb8034c33d907e4aec92fda71254e59b556367d9c96a92964f75044bbbb3e,100->256->256,2708,13264,5,1,35,265,2408,0.494340,0.506229,09810f5b29e15c8187ef2ea28a31cd40dcbb15d56bb1b333d370db86644fbcdb,/home/user/LnL/DFS_HK5/pre_trained_model_raw/Citeseer.GraphCL.GCN.256_hidden_dim.preprocess_svd_100.aug1_dropN.aug2_dropN.lr_0.001.ratio_0.2.seed_4.pth,/home/user/LnL/DFS_HK5/logs/citeseer_svd100_to_cora_svd100_graphcl_135/run_logs/a1_dropN__a2_dropN__r_0.2__s_4.attempt_20260804T154133Z_1343893.log,2026-08-04T15:42:10+00:00,
a1=dropN|a2=permE|r=0.2|s=4,ok,dropN,permE,0.2,0.001,4,Citeseer_Nettack_LCC,Cora_full_clean,3703,1433,100,independent_svd_shape_only,c5acb8034c33d907e4aec92fda71254e59b556367d9c96a92964f75044bbbb3e,100->256->256,2708,13264,5,1,35,265,2408,0.384906,0.419020,ef5dfc75e82529d5e1485740189d81e539e37dd08b4f3cddf1a6c7a9b02e9341,/home/user/LnL/DFS_HK5/pre_trained_model_raw/Citeseer.GraphCL.GCN.256_hidden_dim.preprocess_svd_100.aug1_dropN.aug2_permE.lr_0.001.ratio_0.2.seed_4.pth,/home/user/LnL/DFS_HK5/logs/citeseer_svd100_to_cora_svd100_graphcl_135/run_logs/a1_dropN__a2_permE__r_0.2__s_4.attempt_20260804T154213Z_1343893.log,2026-08-04T15:42:51+00:00,
a1=dropN|a2=maskN|r=0.2|s=4,ok,dropN,maskN,0.2,0.001,4,Citeseer_Nettack_LCC,Cora_full_clean,3703,1433,100,independent_svd_shape_only,c5acb8034c33d907e4aec92fda71254e59b556367d9c96a92964f75044bbbb3e,100->256->256,2708,13264,5,1,35,265,2408,0.377358,0.445183,e9407b6e1d7b24aa323a3c032562d74a1b6d592d9acac02f6edbb7c5638b6e77,/home/user/LnL/DFS_HK5/pre_trained_model_raw/Citeseer.GraphCL.GCN.256_hidden_dim.preprocess_svd_100.aug1_dropN.aug2_maskN.lr_0.001.ratio_0.2.seed_4.pth,/home/user/LnL/DFS_HK5/logs/citeseer_svd100_to_cora_svd100_graphcl_135/run_logs/a1_dropN__a2_maskN__r_0.2__s_4.attempt_20260804T154253Z_1343893.log,2026-08-04T15:43:31+00:00,
a1=permE|a2=dropN|r=0.2|s=4,ok,permE,dropN,0.2,0.001,4,Citeseer_Nettack_LCC,Cora_full_clean,3703,1433,100,independent_svd_shape_only,c5acb8034c33d907e4aec92fda71254e59b556367d9c96a92964f75044bbbb3e,100->256->256,2708,13264,5,1,35,265,2408,0.422642,0.456395,d732d629171781798bcf0848bc73c8a526562ee1a19141c1614177ca295408eb,/home/user/LnL/DFS_HK5/pre_trained_model_raw/Citeseer.GraphCL.GCN.256_hidden_dim.preprocess_svd_100.aug1_permE.aug2_dropN.lr_0.001.ratio_0.2.seed_4.pth,/home/user/LnL/DFS_HK5/logs/citeseer_svd100_to_cora_svd100_graphcl_135/run_logs/a1_permE__a2_dropN__r_0.2__s_4.attempt_20260804T154333Z_1343893.log,2026-08-04T15:44:11+00:00,
a1=permE|a2=permE|r=0.2|s=4,ok,permE,permE,0.2,0.001,4,Citeseer_Nettack_LCC,Cora_full_clean,3703,1433,100,independent_svd_shape_only,c5acb8034c33d907e4aec92fda71254e59b556367d9c96a92964f75044bbbb3e,100->256->256,2708,13264,5,1,35,265,2408,0.433962,0.455565,3d48fcfb88f0f7d2cd764311968e66ca37ec6f6c63cffd9511acbea8d26f9656,/home/user/LnL/DFS_HK5/pre_trained_model_raw/Citeseer.GraphCL.GCN.256_hidden_dim.preprocess_svd_100.aug1_permE.aug2_permE.lr_0.001.ratio_0.2.seed_4.pth,/home/user/LnL/DFS_HK5/logs/citeseer_svd100_to_cora_svd100_graphcl_135/run_logs/a1_permE__a2_permE__r_0.2__s_4.attempt_20260804T154414Z_1343893.log,2026-08-04T15:44:52+00:00,
a1=permE|a2=maskN|r=0.2|s=4,ok,permE,maskN,0.2,0.001,4,Citeseer_Nettack_LCC,Cora_full_clean,3703,1433,100,independent_svd_shape_only,c5acb8034c33d907e4aec92fda71254e59b556367d9c96a92964f75044bbbb3e,100->256->256,2708,13264,5,1,35,265,2408,0.400000,0.417359,d4af0e526f4c00e1faa4265895e33e525441139637e3d43f6826ae6b26497381,/home/user/LnL/DFS_HK5/pre_trained_model_raw/Citeseer.GraphCL.GCN.256_hidden_dim.preprocess_svd_100.aug1_permE.aug2_maskN.lr_0.001.ratio_0.2.seed_4.pth,/home/user/LnL/DFS_HK5/logs/citeseer_svd100_to_cora_svd100_graphcl_135/run_logs/a1_permE__a2_maskN__r_0.2__s_4.attempt_20260804T154454Z_1343893.log,2026-08-04T15:45:32+00:00,
a1=maskN|a2=dropN|r=0.2|s=4,ok,maskN,dropN,0.2,0.001,4,Citeseer_Nettack_LCC,Cora_full_clean,3703,1433,100,independent_svd_shape_only,c5acb8034c33d907e4aec92fda71254e59b556367d9c96a92964f75044bbbb3e,100->256->256,2708,13264,5,1,35,265,2408,0.498113,0.512458,82f0ffc37d01f9acbed1c1b6b89151b57f279ad21a47e87fc2cd4a59ba316179,/home/user/LnL/DFS_HK5/pre_trained_model_raw/Citeseer.GraphCL.GCN.256_hidden_dim.preprocess_svd_100.aug1_maskN.aug2_dropN.lr_0.001.ratio_0.2.seed_4.pth,/home/user/LnL/DFS_HK5/logs/citeseer_svd100_to_cora_svd100_graphcl_135/run_logs/a1_maskN__a2_dropN__r_0.2__s_4.attempt_20260804T154535Z_1343893.log,2026-08-04T15:46:12+00:00,
a1=maskN|a2=permE|r=0.2|s=4,ok,maskN,permE,0.2,0.001,4,Citeseer_Nettack_LCC,Cora_full_clean,3703,1433,100,independent_svd_shape_only,c5acb8034c33d907e4aec92fda71254e59b556367d9c96a92964f75044bbbb3e,100->256->256,2708,13264,5,1,35,265,2408,0.433962,0.460963,388fbc96fe5170dadcef338550ef702cb057e24c16288364af226d77ad9b2546,/home/user/LnL/DFS_HK5/pre_trained_model_raw/Citeseer.GraphCL.GCN.256_hidden_dim.preprocess_svd_100.aug1_maskN.aug2_permE.lr_0.001.ratio_0.2.seed_4.pth,/home/user/LnL/DFS_HK5/logs/citeseer_svd100_to_cora_svd100_graphcl_135/run_logs/a1_maskN__a2_permE__r_0.2__s_4.attempt_20260804T154615Z_1343893.log,2026-08-04T15:46:53+00:00,
a1=maskN|a2=maskN|r=0.2|s=4,ok,maskN,maskN,0.2,0.001,4,Citeseer_Nettack_LCC,Cora_full_clean,3703,1433,100,independent_svd_shape_only,c5acb8034c33d907e4aec92fda71254e59b556367d9c96a92964f75044bbbb3e,100->256->256,2708,13264,5,1,35,265,2408,0.479245,0.507475,8af6973efde6e2e7d10942f5413237bff4aad285616c10c1e1c02a96482799da,/home/user/LnL/DFS_HK5/pre_trained_model_raw/Citeseer.GraphCL.GCN.256_hidden_dim.preprocess_svd_100.aug1_maskN.aug2_maskN.lr_0.001.ratio_0.2.seed_4.pth,/home/user/LnL/DFS_HK5/logs/citeseer_svd100_to_cora_svd100_graphcl_135/run_logs/a1_maskN__a2_maskN__r_0.2__s_4.attempt_20260804T154655Z_1343893.log,2026-08-04T15:47:33+00:00,
a1=dropN|a2=dropN|r=0.3|s=4,ok,dropN,dropN,0.3,0.001,4,Citeseer_Nettack_LCC,Cora_full_clean,3703,1433,100,independent_svd_shape_only,c5acb8034c33d907e4aec92fda71254e59b556367d9c96a92964f75044bbbb3e,100->256->256,2708,13264,5,1,35,265,2408,0.498113,0.512458,90518325244e58eafd5c688a1a6b658f29eb700a6f2aab95ceaee3c3d0016cf4,/home/user/LnL/DFS_HK5/pre_trained_model_raw/Citeseer.GraphCL.GCN.256_hidden_dim.preprocess_svd_100.aug1_dropN.aug2_dropN.lr_0.001.ratio_0.3.seed_4.pth,/home/user/LnL/DFS_HK5/logs/citeseer_svd100_to_cora_svd100_graphcl_135/run_logs/a1_dropN__a2_dropN__r_0.3__s_4.attempt_20260804T154735Z_1343893.log,2026-08-04T15:48:13+00:00,
a1=dropN|a2=permE|r=0.3|s=4,ok,dropN,permE,0.3,0.001,4,Citeseer_Nettack_LCC,Cora_full_clean,3703,1433,100,independent_svd_shape_only,c5acb8034c33d907e4aec92fda71254e59b556367d9c96a92964f75044bbbb3e,100->256->256,2708,13264,5,1,35,265,2408,0.384906,0.416944,8a395a11e58190ef9b95ea1e82ea1a7ae39e62d80eea31af7323564c049ac207,/home/user/LnL/DFS_HK5/pre_trained_model_raw/Citeseer.GraphCL.GCN.256_hidden_dim.preprocess_svd_100.aug1_dropN.aug2_permE.lr_0.001.ratio_0.3.seed_4.pth,/home/user/LnL/DFS_HK5/logs/citeseer_svd100_to_cora_svd100_graphcl_135/run_logs/a1_dropN__a2_permE__r_0.3__s_4.attempt_20260804T154816Z_1343893.log,2026-08-04T15:48:54+00:00,
a1=dropN|a2=maskN|r=0.3|s=4,ok,dropN,maskN,0.3,0.001,4,Citeseer_Nettack_LCC,Cora_full_clean,3703,1433,100,independent_svd_shape_only,c5acb8034c33d907e4aec92fda71254e59b556367d9c96a92964f75044bbbb3e,100->256->256,2708,13264,5,1,35,265,2408,0.430189,0.472176,7ea4725483aea604d29c11d63199684e8422de90f801c8ded55b42dd6c40bc20,/home/user/LnL/DFS_HK5/pre_trained_model_raw/Citeseer.GraphCL.GCN.256_hidden_dim.preprocess_svd_100.aug1_dropN.aug2_maskN.lr_0.001.ratio_0.3.seed_4.pth,/home/user/LnL/DFS_HK5/logs/citeseer_svd100_to_cora_svd100_graphcl_135/run_logs/a1_dropN__a2_maskN__r_0.3__s_4.attempt_20260804T154856Z_1343893.log,2026-08-04T15:49:33+00:00,
a1=permE|a2=dropN|r=0.3|s=4,ok,permE,dropN,0.3,0.001,4,Citeseer_Nettack_LCC,Cora_full_clean,3703,1433,100,independent_svd_shape_only,c5acb8034c33d907e4aec92fda71254e59b556367d9c96a92964f75044bbbb3e,100->256->256,2708,13264,5,1,35,265,2408,0.403774,0.451412,7d7c7e13c8a019e40a4f43414f572c662015105431929ff77963db67e77de333,/home/user/LnL/DFS_HK5/pre_trained_model_raw/Citeseer.GraphCL.GCN.256_hidden_dim.preprocess_svd_100.aug1_permE.aug2_dropN.lr_0.001.ratio_0.3.seed_4.pth,/home/user/LnL/DFS_HK5/logs/citeseer_svd100_to_cora_svd100_graphcl_135/run_logs/a1_permE__a2_dropN__r_0.3__s_4.attempt_20260804T154936Z_1343893.log,2026-08-04T15:50:14+00:00,
a1=permE|a2=permE|r=0.3|s=4,ok,permE,permE,0.3,0.001,4,Citeseer_Nettack_LCC,Cora_full_clean,3703,1433,100,independent_svd_shape_only,c5acb8034c33d907e4aec92fda71254e59b556367d9c96a92964f75044bbbb3e,100->256->256,2708,13264,5,1,35,265,2408,0.441509,0.449751,54e2784e498ad82aedfba0a13afdd4d747c8d65e103af1197b674b76de03be49,/home/user/LnL/DFS_HK5/pre_trained_model_raw/Citeseer.GraphCL.GCN.256_hidden_dim.preprocess_svd_100.aug1_permE.aug2_permE.lr_0.001.ratio_0.3.seed_4.pth,/home/user/LnL/DFS_HK5/logs/citeseer_svd100_to_cora_svd100_graphcl_135/run_logs/a1_permE__a2_permE__r_0.3__s_4.attempt_20260804T155017Z_1343893.log,2026-08-04T15:50:54+00:00,
a1=permE|a2=maskN|r=0.3|s=4,ok,permE,maskN,0.3,0.001,4,Citeseer_Nettack_LCC,Cora_full_clean,3703,1433,100,independent_svd_shape_only,c5acb8034c33d907e4aec92fda71254e59b556367d9c96a92964f75044bbbb3e,100->256->256,2708,13264,5,1,35,265,2408,0.415094,0.439784,cb638bfd35f07f78ab6f63f3e85e334ba17408e64e487c366c3502f952d6f3f8,/home/user/LnL/DFS_HK5/pre_trained_model_raw/Citeseer.GraphCL.GCN.256_hidden_dim.preprocess_svd_100.aug1_permE.aug2_maskN.lr_0.001.ratio_0.3.seed_4.pth,/home/user/LnL/DFS_HK5/logs/citeseer_svd100_to_cora_svd100_graphcl_135/run_logs/a1_permE__a2_maskN__r_0.3__s_4.attempt_20260804T155057Z_1343893.log,2026-08-04T15:51:35+00:00,
a1=maskN|a2=dropN|r=0.3|s=4,ok,maskN,dropN,0.3,0.001,4,Citeseer_Nettack_LCC,Cora_full_clean,3703,1433,100,independent_svd_shape_only,c5acb8034c33d907e4aec92fda71254e59b556367d9c96a92964f75044bbbb3e,100->256->256,2708,13264,5,1,35,265,2408,0.513208,0.534884,03bc25e723294da347f799e76517175dce4dd994389fe2a13baced6eddbd013b,/home/user/LnL/DFS_HK5/pre_trained_model_raw/Citeseer.GraphCL.GCN.256_hidden_dim.preprocess_svd_100.aug1_maskN.aug2_dropN.lr_0.001.ratio_0.3.seed_4.pth,/home/user/LnL/DFS_HK5/logs/citeseer_svd100_to_cora_svd100_graphcl_135/run_logs/a1_maskN__a2_dropN__r_0.3__s_4.attempt_20260804T155138Z_1343893.log,2026-08-04T15:52:15+00:00,
a1=maskN|a2=permE|r=0.3|s=4,ok,maskN,permE,0.3,0.001,4,Citeseer_Nettack_LCC,Cora_full_clean,3703,1433,100,independent_svd_shape_only,c5acb8034c33d907e4aec92fda71254e59b556367d9c96a92964f75044bbbb3e,100->256->256,2708,13264,5,1,35,265,2408,0.396226,0.450581,987b99ef876b38e785f64609024c66a6435ec79da15723a47ddace183db60736,/home/user/LnL/DFS_HK5/pre_trained_model_raw/Citeseer.GraphCL.GCN.256_hidden_dim.preprocess_svd_100.aug1_maskN.aug2_permE.lr_0.001.ratio_0.3.seed_4.pth,/home/user/LnL/DFS_HK5/logs/citeseer_svd100_to_cora_svd100_graphcl_135/run_logs/a1_maskN__a2_permE__r_0.3__s_4.attempt_20260804T155218Z_1343893.log,2026-08-04T15:52:55+00:00,
a1=maskN|a2=maskN|r=0.3|s=4,ok,maskN,maskN,0.3,0.001,4,Citeseer_Nettack_LCC,Cora_full_clean,3703,1433,100,independent_svd_shape_only,c5acb8034c33d907e4aec92fda71254e59b556367d9c96a92964f75044bbbb3e,100->256->256,2708,13264,5,1,35,265,2408,0.460377,0.458056,351b2bc37c2c0302ab2f959716730f68b3a2999c9b8a380bd95c938de12432fb,/home/user/LnL/DFS_HK5/pre_trained_model_raw/Citeseer.GraphCL.GCN.256_hidden_dim.preprocess_svd_100.aug1_maskN.aug2_maskN.lr_0.001.ratio_0.3.seed_4.pth,/home/user/LnL/DFS_HK5/logs/citeseer_svd100_to_cora_svd100_graphcl_135/run_logs/a1_maskN__a2_maskN__r_0.3__s_4.attempt_20260804T155258Z_1343893.log,2026-08-04T15:53:36+00:00,
a1=dropN|a2=dropN|r=0.1|s=5,ok,dropN,dropN,0.1,0.001,5,Citeseer_Nettack_LCC,Cora_full_clean,3703,1433,100,independent_svd_shape_only,c5acb8034c33d907e4aec92fda71254e59b556367d9c96a92964f75044bbbb3e,100->256->256,2708,13264,5,1,35,265,2408,0.430189,0.418605,470868a9d2e5597ea37bb38360ce71bc50bd93ec9716f5359349820c3357612b,/home/user/LnL/DFS_HK5/pre_trained_model_raw/Citeseer.GraphCL.GCN.256_hidden_dim.preprocess_svd_100.aug1_dropN.aug2_dropN.lr_0.001.ratio_0.1.seed_5.pth,/home/user/LnL/DFS_HK5/logs/citeseer_svd100_to_cora_svd100_graphcl_135/run_logs/a1_dropN__a2_dropN__r_0.1__s_5.attempt_20260804T155339Z_1343893.log,2026-08-04T15:54:17+00:00,
a1=dropN|a2=permE|r=0.1|s=5,ok,dropN,permE,0.1,0.001,5,Citeseer_Nettack_LCC,Cora_full_clean,3703,1433,100,independent_svd_shape_only,c5acb8034c33d907e4aec92fda71254e59b556367d9c96a92964f75044bbbb3e,100->256->256,2708,13264,5,1,35,265,2408,0.403774,0.394518,c38db65933651ecac6e19d88c58fc2209abcb85a479d353a73339411a6e5ab1f,/home/user/LnL/DFS_HK5/pre_trained_model_raw/Citeseer.GraphCL.GCN.256_hidden_dim.preprocess_svd_100.aug1_dropN.aug2_permE.lr_0.001.ratio_0.1.seed_5.pth,/home/user/LnL/DFS_HK5/logs/citeseer_svd100_to_cora_svd100_graphcl_135/run_logs/a1_dropN__a2_permE__r_0.1__s_5.attempt_20260804T155419Z_1343893.log,2026-08-04T15:54:57+00:00,
a1=dropN|a2=maskN|r=0.1|s=5,ok,dropN,maskN,0.1,0.001,5,Citeseer_Nettack_LCC,Cora_full_clean,3703,1433,100,independent_svd_shape_only,c5acb8034c33d907e4aec92fda71254e59b556367d9c96a92964f75044bbbb3e,100->256->256,2708,13264,5,1,35,265,2408,0.430189,0.424003,7dbdf8f70ca56797a748f140d28845afee0e06224ac3d353088ba316cf981581,/home/user/LnL/DFS_HK5/pre_trained_model_raw/Citeseer.GraphCL.GCN.256_hidden_dim.preprocess_svd_100.aug1_dropN.aug2_maskN.lr_0.001.ratio_0.1.seed_5.pth,/home/user/LnL/DFS_HK5/logs/citeseer_svd100_to_cora_svd100_graphcl_135/run_logs/a1_dropN__a2_maskN__r_0.1__s_5.attempt_20260804T155500Z_1343893.log,2026-08-04T15:55:37+00:00,
a1=permE|a2=dropN|r=0.1|s=5,ok,permE,dropN,0.1,0.001,5,Citeseer_Nettack_LCC,Cora_full_clean,3703,1433,100,independent_svd_shape_only,c5acb8034c33d907e4aec92fda71254e59b556367d9c96a92964f75044bbbb3e,100->256->256,2708,13264,5,1,35,265,2408,0.433962,0.440199,263a74fbadbcda2e5090c61a99889b2cfa15590fe1f48a145a72689089be907c,/home/user/LnL/DFS_HK5/pre_trained_model_raw/Citeseer.GraphCL.GCN.256_hidden_dim.preprocess_svd_100.aug1_permE.aug2_dropN.lr_0.001.ratio_0.1.seed_5.pth,/home/user/LnL/DFS_HK5/logs/citeseer_svd100_to_cora_svd100_graphcl_135/run_logs/a1_permE__a2_dropN__r_0.1__s_5.attempt_20260804T155540Z_1343893.log,2026-08-04T15:56:18+00:00,
a1=permE|a2=permE|r=0.1|s=5,ok,permE,permE,0.1,0.001,5,Citeseer_Nettack_LCC,Cora_full_clean,3703,1433,100,independent_svd_shape_only,c5acb8034c33d907e4aec92fda71254e59b556367d9c96a92964f75044bbbb3e,100->256->256,2708,13264,5,1,35,265,2408,0.369811,0.389120,749490ba5ea8cac169dc0b39371cf40e6aac2c129d2252d4c43c77aea3d79af2,/home/user/LnL/DFS_HK5/pre_trained_model_raw/Citeseer.GraphCL.GCN.256_hidden_dim.preprocess_svd_100.aug1_permE.aug2_permE.lr_0.001.ratio_0.1.seed_5.pth,/home/user/LnL/DFS_HK5/logs/citeseer_svd100_to_cora_svd100_graphcl_135/run_logs/a1_permE__a2_permE__r_0.1__s_5.attempt_20260804T155621Z_1343893.log,2026-08-04T15:56:59+00:00,
a1=permE|a2=maskN|r=0.1|s=5,ok,permE,maskN,0.1,0.001,5,Citeseer_Nettack_LCC,Cora_full_clean,3703,1433,100,independent_svd_shape_only,c5acb8034c33d907e4aec92fda71254e59b556367d9c96a92964f75044bbbb3e,100->256->256,2708,13264,5,1,35,265,2408,0.407547,0.436877,fc64bff7caaac8584e1e338ef50f8f10989908f43896b76289d39e29da7957d9,/home/user/LnL/DFS_HK5/pre_trained_model_raw/Citeseer.GraphCL.GCN.256_hidden_dim.preprocess_svd_100.aug1_permE.aug2_maskN.lr_0.001.ratio_0.1.seed_5.pth,/home/user/LnL/DFS_HK5/logs/citeseer_svd100_to_cora_svd100_graphcl_135/run_logs/a1_permE__a2_maskN__r_0.1__s_5.attempt_20260804T155701Z_1343893.log,2026-08-04T15:57:39+00:00,
a1=maskN|a2=dropN|r=0.1|s=5,ok,maskN,dropN,0.1,0.001,5,Citeseer_Nettack_LCC,Cora_full_clean,3703,1433,100,independent_svd_shape_only,c5acb8034c33d907e4aec92fda71254e59b556367d9c96a92964f75044bbbb3e,100->256->256,2708,13264,5,1,35,265,2408,0.381132,0.383721,10ff9675bc3f219472922ba34ea4e3084ab3c7761b1dffc27fd5cab29bc1a0fd,/home/user/LnL/DFS_HK5/pre_trained_model_raw/Citeseer.GraphCL.GCN.256_hidden_dim.preprocess_svd_100.aug1_maskN.aug2_dropN.lr_0.001.ratio_0.1.seed_5.pth,/home/user/LnL/DFS_HK5/logs/citeseer_svd100_to_cora_svd100_graphcl_135/run_logs/a1_maskN__a2_dropN__r_0.1__s_5.attempt_20260804T155742Z_1343893.log,2026-08-04T15:58:19+00:00,
a1=maskN|a2=permE|r=0.1|s=5,ok,maskN,permE,0.1,0.001,5,Citeseer_Nettack_LCC,Cora_full_clean,3703,1433,100,independent_svd_shape_only,c5acb8034c33d907e4aec92fda71254e59b556367d9c96a92964f75044bbbb3e,100->256->256,2708,13264,5,1,35,265,2408,0.418868,0.454319,ea36e7e24fce5fcd5afbbdc90f93c01a597c913efbff330aeb3f3462a2cd0ac9,/home/user/LnL/DFS_HK5/pre_trained_model_raw/Citeseer.GraphCL.GCN.256_hidden_dim.preprocess_svd_100.aug1_maskN.aug2_permE.lr_0.001.ratio_0.1.seed_5.pth,/home/user/LnL/DFS_HK5/logs/citeseer_svd100_to_cora_svd100_graphcl_135/run_logs/a1_maskN__a2_permE__r_0.1__s_5.attempt_20260804T155822Z_1343893.log,2026-08-04T15:59:00+00:00,
a1=maskN|a2=maskN|r=0.1|s=5,ok,maskN,maskN,0.1,0.001,5,Citeseer_Nettack_LCC,Cora_full_clean,3703,1433,100,independent_svd_shape_only,c5acb8034c33d907e4aec92fda71254e59b556367d9c96a92964f75044bbbb3e,100->256->256,2708,13264,5,1,35,265,2408,0.381132,0.388289,18fb74edae836565a7940f747689916e7036307f4ccab6a1bc7c466f11e9587a,/home/user/LnL/DFS_HK5/pre_trained_model_raw/Citeseer.GraphCL.GCN.256_hidden_dim.preprocess_svd_100.aug1_maskN.aug2_maskN.lr_0.001.ratio_0.1.seed_5.pth,/home/user/LnL/DFS_HK5/logs/citeseer_svd100_to_cora_svd100_graphcl_135/run_logs/a1_maskN__a2_maskN__r_0.1__s_5.attempt_20260804T155903Z_1343893.log,2026-08-04T15:59:40+00:00,
a1=dropN|a2=dropN|r=0.2|s=5,ok,dropN,dropN,0.2,0.001,5,Citeseer_Nettack_LCC,Cora_full_clean,3703,1433,100,independent_svd_shape_only,c5acb8034c33d907e4aec92fda71254e59b556367d9c96a92964f75044bbbb3e,100->256->256,2708,13264,5,1,35,265,2408,0.294340,0.357973,7087982b14e3d2b008249a053e87a9546e77daaf9a366293506b520511ccbc62,/home/user/LnL/DFS_HK5/pre_trained_model_raw/Citeseer.GraphCL.GCN.256_hidden_dim.preprocess_svd_100.aug1_dropN.aug2_dropN.lr_0.001.ratio_0.2.seed_5.pth,/home/user/LnL/DFS_HK5/logs/citeseer_svd100_to_cora_svd100_graphcl_135/run_logs/a1_dropN__a2_dropN__r_0.2__s_5.attempt_20260804T155943Z_1343893.log,2026-08-04T16:00:21+00:00,
a1=dropN|a2=permE|r=0.2|s=5,ok,dropN,permE,0.2,0.001,5,Citeseer_Nettack_LCC,Cora_full_clean,3703,1433,100,independent_svd_shape_only,c5acb8034c33d907e4aec92fda71254e59b556367d9c96a92964f75044bbbb3e,100->256->256,2708,13264,5,1,35,265,2408,0.392453,0.420266,8e37682691e4b36e0f3935d46ea4a5f39f60a9b68c6c3a85b002064cd45a6814,/home/user/LnL/DFS_HK5/pre_trained_model_raw/Citeseer.GraphCL.GCN.256_hidden_dim.preprocess_svd_100.aug1_dropN.aug2_permE.lr_0.001.ratio_0.2.seed_5.pth,/home/user/LnL/DFS_HK5/logs/citeseer_svd100_to_cora_svd100_graphcl_135/run_logs/a1_dropN__a2_permE__r_0.2__s_5.attempt_20260804T160023Z_1343893.log,2026-08-04T16:01:02+00:00,
a1=dropN|a2=maskN|r=0.2|s=5,ok,dropN,maskN,0.2,0.001,5,Citeseer_Nettack_LCC,Cora_full_clean,3703,1433,100,independent_svd_shape_only,c5acb8034c33d907e4aec92fda71254e59b556367d9c96a92964f75044bbbb3e,100->256->256,2708,13264,5,1,35,265,2408,0.400000,0.409884,4de3cb5bfe9e0056b55e4070ef5b075d3742886adec35402cad3b544007df838,/home/user/LnL/DFS_HK5/pre_trained_model_raw/Citeseer.GraphCL.GCN.256_hidden_dim.preprocess_svd_100.aug1_dropN.aug2_maskN.lr_0.001.ratio_0.2.seed_5.pth,/home/user/LnL/DFS_HK5/logs/citeseer_svd100_to_cora_svd100_graphcl_135/run_logs/a1_dropN__a2_maskN__r_0.2__s_5.attempt_20260804T160104Z_1343893.log,2026-08-04T16:01:42+00:00,
a1=permE|a2=dropN|r=0.2|s=5,ok,permE,dropN,0.2,0.001,5,Citeseer_Nettack_LCC,Cora_full_clean,3703,1433,100,independent_svd_shape_only,c5acb8034c33d907e4aec92fda71254e59b556367d9c96a92964f75044bbbb3e,100->256->256,2708,13264,5,1,35,265,2408,0.430189,0.492525,4b46b1138592a865f435f58171c1654283106f1ccab29c73dd082be21b631168,/home/user/LnL/DFS_HK5/pre_trained_model_raw/Citeseer.GraphCL.GCN.256_hidden_dim.preprocess_svd_100.aug1_permE.aug2_dropN.lr_0.001.ratio_0.2.seed_5.pth,/home/user/LnL/DFS_HK5/logs/citeseer_svd100_to_cora_svd100_graphcl_135/run_logs/a1_permE__a2_dropN__r_0.2__s_5.attempt_20260804T160145Z_1343893.log,2026-08-04T16:02:23+00:00,
a1=permE|a2=permE|r=0.2|s=5,ok,permE,permE,0.2,0.001,5,Citeseer_Nettack_LCC,Cora_full_clean,3703,1433,100,independent_svd_shape_only,c5acb8034c33d907e4aec92fda71254e59b556367d9c96a92964f75044bbbb3e,100->256->256,2708,13264,5,1,35,265,2408,0.415094,0.396179,3992db408c09e0742758f6588d416366c2bcc023ad0a1d1bfde249d59d1d3750,/home/user/LnL/DFS_HK5/pre_trained_model_raw/Citeseer.GraphCL.GCN.256_hidden_dim.preprocess_svd_100.aug1_permE.aug2_permE.lr_0.001.ratio_0.2.seed_5.pth,/home/user/LnL/DFS_HK5/logs/citeseer_svd100_to_cora_svd100_graphcl_135/run_logs/a1_permE__a2_permE__r_0.2__s_5.attempt_20260804T160225Z_1343893.log,2026-08-04T16:03:03+00:00,
a1=permE|a2=maskN|r=0.2|s=5,ok,permE,maskN,0.2,0.001,5,Citeseer_Nettack_LCC,Cora_full_clean,3703,1433,100,independent_svd_shape_only,c5acb8034c33d907e4aec92fda71254e59b556367d9c96a92964f75044bbbb3e,100->256->256,2708,13264,5,1,35,265,2408,0.422642,0.378738,364e1f4a4d617a4b15af04e557eb68eb080c32c1b59321d88f4e1ffeaa9a6a33,/home/user/LnL/DFS_HK5/pre_trained_model_raw/Citeseer.GraphCL.GCN.256_hidden_dim.preprocess_svd_100.aug1_permE.aug2_maskN.lr_0.001.ratio_0.2.seed_5.pth,/home/user/LnL/DFS_HK5/logs/citeseer_svd100_to_cora_svd100_graphcl_135/run_logs/a1_permE__a2_maskN__r_0.2__s_5.attempt_20260804T160306Z_1343893.log,2026-08-04T16:03:43+00:00,
a1=maskN|a2=dropN|r=0.2|s=5,ok,maskN,dropN,0.2,0.001,5,Citeseer_Nettack_LCC,Cora_full_clean,3703,1433,100,independent_svd_shape_only,c5acb8034c33d907e4aec92fda71254e59b556367d9c96a92964f75044bbbb3e,100->256->256,2708,13264,5,1,35,265,2408,0.415094,0.438123,4e35eafe79e8be0833e5f6287ed96221757896482d289170e4c7b538ea4d3455,/home/user/LnL/DFS_HK5/pre_trained_model_raw/Citeseer.GraphCL.GCN.256_hidden_dim.preprocess_svd_100.aug1_maskN.aug2_dropN.lr_0.001.ratio_0.2.seed_5.pth,/home/user/LnL/DFS_HK5/logs/citeseer_svd100_to_cora_svd100_graphcl_135/run_logs/a1_maskN__a2_dropN__r_0.2__s_5.attempt_20260804T160346Z_1343893.log,2026-08-04T16:04:24+00:00,
a1=maskN|a2=permE|r=0.2|s=5,ok,maskN,permE,0.2,0.001,5,Citeseer_Nettack_LCC,Cora_full_clean,3703,1433,100,independent_svd_shape_only,c5acb8034c33d907e4aec92fda71254e59b556367d9c96a92964f75044bbbb3e,100->256->256,2708,13264,5,1,35,265,2408,0.396226,0.434385,c4f08408cadaf74e53aae6f584247d8f1673b66675fd8aefe2df8700ce3a5972,/home/user/LnL/DFS_HK5/pre_trained_model_raw/Citeseer.GraphCL.GCN.256_hidden_dim.preprocess_svd_100.aug1_maskN.aug2_permE.lr_0.001.ratio_0.2.seed_5.pth,/home/user/LnL/DFS_HK5/logs/citeseer_svd100_to_cora_svd100_graphcl_135/run_logs/a1_maskN__a2_permE__r_0.2__s_5.attempt_20260804T160426Z_1343893.log,2026-08-04T16:05:04+00:00,
a1=maskN|a2=maskN|r=0.2|s=5,ok,maskN,maskN,0.2,0.001,5,Citeseer_Nettack_LCC,Cora_full_clean,3703,1433,100,independent_svd_shape_only,c5acb8034c33d907e4aec92fda71254e59b556367d9c96a92964f75044bbbb3e,100->256->256,2708,13264,5,1,35,265,2408,0.369811,0.398671,fd712be67f6d3d04735caa2c14b96d6f47b2920329f1874b2c4399a30509017c,/home/user/LnL/DFS_HK5/pre_trained_model_raw/Citeseer.GraphCL.GCN.256_hidden_dim.preprocess_svd_100.aug1_maskN.aug2_maskN.lr_0.001.ratio_0.2.seed_5.pth,/home/user/LnL/DFS_HK5/logs/citeseer_svd100_to_cora_svd100_graphcl_135/run_logs/a1_maskN__a2_maskN__r_0.2__s_5.attempt_20260804T160507Z_1343893.log,2026-08-04T16:05:44+00:00,
a1=dropN|a2=dropN|r=0.3|s=5,ok,dropN,dropN,0.3,0.001,5,Citeseer_Nettack_LCC,Cora_full_clean,3703,1433,100,independent_svd_shape_only,c5acb8034c33d907e4aec92fda71254e59b556367d9c96a92964f75044bbbb3e,100->256->256,2708,13264,5,1,35,265,2408,0.358491,0.417774,51da7fe660253e188ca5cdf0efcd75e1d91239221ec653e7de8700b715ab0274,/home/user/LnL/DFS_HK5/pre_trained_model_raw/Citeseer.GraphCL.GCN.256_hidden_dim.preprocess_svd_100.aug1_dropN.aug2_dropN.lr_0.001.ratio_0.3.seed_5.pth,/home/user/LnL/DFS_HK5/logs/citeseer_svd100_to_cora_svd100_graphcl_135/run_logs/a1_dropN__a2_dropN__r_0.3__s_5.attempt_20260804T160547Z_1343893.log,2026-08-04T16:06:25+00:00,
a1=dropN|a2=permE|r=0.3|s=5,ok,dropN,permE,0.3,0.001,5,Citeseer_Nettack_LCC,Cora_full_clean,3703,1433,100,independent_svd_shape_only,c5acb8034c33d907e4aec92fda71254e59b556367d9c96a92964f75044bbbb3e,100->256->256,2708,13264,5,1,35,265,2408,0.422642,0.426495,a963f3ebe0199e1807e205e8f32941ef595b17e4c9bee47e032977a73dd4a400,/home/user/LnL/DFS_HK5/pre_trained_model_raw/Citeseer.GraphCL.GCN.256_hidden_dim.preprocess_svd_100.aug1_dropN.aug2_permE.lr_0.001.ratio_0.3.seed_5.pth,/home/user/LnL/DFS_HK5/logs/citeseer_svd100_to_cora_svd100_graphcl_135/run_logs/a1_dropN__a2_permE__r_0.3__s_5.attempt_20260804T160628Z_1343893.log,2026-08-04T16:07:05+00:00,
a1=dropN|a2=maskN|r=0.3|s=5,ok,dropN,maskN,0.3,0.001,5,Citeseer_Nettack_LCC,Cora_full_clean,3703,1433,100,independent_svd_shape_only,c5acb8034c33d907e4aec92fda71254e59b556367d9c96a92964f75044bbbb3e,100->256->256,2708,13264,5,1,35,265,2408,0.381132,0.396179,6f3426ad68cb8cfc28d28bdf54f0ac490d50c1c2c206588ae8a1066d53b7ee33,/home/user/LnL/DFS_HK5/pre_trained_model_raw/Citeseer.GraphCL.GCN.256_hidden_dim.preprocess_svd_100.aug1_dropN.aug2_maskN.lr_0.001.ratio_0.3.seed_5.pth,/home/user/LnL/DFS_HK5/logs/citeseer_svd100_to_cora_svd100_graphcl_135/run_logs/a1_dropN__a2_maskN__r_0.3__s_5.attempt_20260804T160708Z_1343893.log,2026-08-04T16:07:46+00:00,
a1=permE|a2=dropN|r=0.3|s=5,ok,permE,dropN,0.3,0.001,5,Citeseer_Nettack_LCC,Cora_full_clean,3703,1433,100,independent_svd_shape_only,c5acb8034c33d907e4aec92fda71254e59b556367d9c96a92964f75044bbbb3e,100->256->256,2708,13264,5,1,35,265,2408,0.467925,0.489203,5bbc441fd527b075c3408fee53425bacafcf283b9fee89950ad728ebac4aed99,/home/user/LnL/DFS_HK5/pre_trained_model_raw/Citeseer.GraphCL.GCN.256_hidden_dim.preprocess_svd_100.aug1_permE.aug2_dropN.lr_0.001.ratio_0.3.seed_5.pth,/home/user/LnL/DFS_HK5/logs/citeseer_svd100_to_cora_svd100_graphcl_135/run_logs/a1_permE__a2_dropN__r_0.3__s_5.attempt_20260804T160749Z_1343893.log,2026-08-04T16:08:27+00:00,
a1=permE|a2=permE|r=0.3|s=5,ok,permE,permE,0.3,0.001,5,Citeseer_Nettack_LCC,Cora_full_clean,3703,1433,100,independent_svd_shape_only,c5acb8034c33d907e4aec92fda71254e59b556367d9c96a92964f75044bbbb3e,100->256->256,2708,13264,5,1,35,265,2408,0.422642,0.444352,83811e3610c41aa40cf3b43c7457386442f5962afed8bab647617b9f4e16ece4,/home/user/LnL/DFS_HK5/pre_trained_model_raw/Citeseer.GraphCL.GCN.256_hidden_dim.preprocess_svd_100.aug1_permE.aug2_permE.lr_0.001.ratio_0.3.seed_5.pth,/home/user/LnL/DFS_HK5/logs/citeseer_svd100_to_cora_svd100_graphcl_135/run_logs/a1_permE__a2_permE__r_0.3__s_5.attempt_20260804T160829Z_1343893.log,2026-08-04T16:09:07+00:00,
a1=permE|a2=maskN|r=0.3|s=5,ok,permE,maskN,0.3,0.001,5,Citeseer_Nettack_LCC,Cora_full_clean,3703,1433,100,independent_svd_shape_only,c5acb8034c33d907e4aec92fda71254e59b556367d9c96a92964f75044bbbb3e,100->256->256,2708,13264,5,1,35,265,2408,0.403774,0.426080,2b29932292d5ad1d914ffb8139660623f284e283ea4d0e3e720884450c3a3370,/home/user/LnL/DFS_HK5/pre_trained_model_raw/Citeseer.GraphCL.GCN.256_hidden_dim.preprocess_svd_100.aug1_permE.aug2_maskN.lr_0.001.ratio_0.3.seed_5.pth,/home/user/LnL/DFS_HK5/logs/citeseer_svd100_to_cora_svd100_graphcl_135/run_logs/a1_permE__a2_maskN__r_0.3__s_5.attempt_20260804T160910Z_1343893.log,2026-08-04T16:09:48+00:00,
a1=maskN|a2=dropN|r=0.3|s=5,ok,maskN,dropN,0.3,0.001,5,Citeseer_Nettack_LCC,Cora_full_clean,3703,1433,100,independent_svd_shape_only,c5acb8034c33d907e4aec92fda71254e59b556367d9c96a92964f75044bbbb3e,100->256->256,2708,13264,5,1,35,265,2408,0.403774,0.426495,3727784f61c473ac939fbc90b5bb9cc49c52b156326bed624f2a5254eb8b661e,/home/user/LnL/DFS_HK5/pre_trained_model_raw/Citeseer.GraphCL.GCN.256_hidden_dim.preprocess_svd_100.aug1_maskN.aug2_dropN.lr_0.001.ratio_0.3.seed_5.pth,/home/user/LnL/DFS_HK5/logs/citeseer_svd100_to_cora_svd100_graphcl_135/run_logs/a1_maskN__a2_dropN__r_0.3__s_5.attempt_20260804T160950Z_1343893.log,2026-08-04T16:10:28+00:00,
a1=maskN|a2=permE|r=0.3|s=5,ok,maskN,permE,0.3,0.001,5,Citeseer_Nettack_LCC,Cora_full_clean,3703,1433,100,independent_svd_shape_only,c5acb8034c33d907e4aec92fda71254e59b556367d9c96a92964f75044bbbb3e,100->256->256,2708,13264,5,1,35,265,2408,0.354717,0.383721,f4be2ec78f69106821e5bd430f75407ad0b289d84d36dea4677fd0bfbf6ab1ff,/home/user/LnL/DFS_HK5/pre_trained_model_raw/Citeseer.GraphCL.GCN.256_hidden_dim.preprocess_svd_100.aug1_maskN.aug2_permE.lr_0.001.ratio_0.3.seed_5.pth,/home/user/LnL/DFS_HK5/logs/citeseer_svd100_to_cora_svd100_graphcl_135/run_logs/a1_maskN__a2_permE__r_0.3__s_5.attempt_20260804T161031Z_1343893.log,2026-08-04T16:11:08+00:00,
a1=maskN|a2=maskN|r=0.3|s=5,ok,maskN,maskN,0.3,0.001,5,Citeseer_Nettack_LCC,Cora_full_clean,3703,1433,100,independent_svd_shape_only,c5acb8034c33d907e4aec92fda71254e59b556367d9c96a92964f75044bbbb3e,100->256->256,2708,13264,5,1,35,265,2408,0.366038,0.393272,abc13f02de3d9d815a355fb77d038a8bc7e6beb852c41b08de9a58cc5b119335,/home/user/LnL/DFS_HK5/pre_trained_model_raw/Citeseer.GraphCL.GCN.256_hidden_dim.preprocess_svd_100.aug1_maskN.aug2_maskN.lr_0.001.ratio_0.3.seed_5.pth,/home/user/LnL/DFS_HK5/logs/citeseer_svd100_to_cora_svd100_graphcl_135/run_logs/a1_maskN__a2_maskN__r_0.3__s_5.attempt_20260804T161111Z_1343893.log,2026-08-04T16:11:49+00:00,
