combo,ptb,num_seeds,acc_mean,acc_std,macro_f1_mean,macro_f1_std,C0_acc_mean,C0_acc_std,C1_acc_mean,C1_acc_std,C2_acc_mean,C2_acc_std,C3_acc_mean,C3_acc_std,C4_acc_mean,C4_acc_std,C5_acc_mean,C5_acc_std,C6_acc_mean,C6_acc_std,worst_class,worst_class_acc_mean,top_error,top3_errors
all3,0.00,5,0.519700,0.014230,0.514440,0.006457,0.392320,0.046254,0.717260,0.189857,0.475280,0.032870,0.525960,0.053670,0.549860,0.061503,0.476540,0.096358,0.607600,0.184689,C0,0.392320,C3->C1 (554),C3->C1: 554; C2->C1: 542; C0->C6: 517
all3,0.05,5,0.189220,0.009016,0.204860,0.013127,0.369880,0.017480,0.215720,0.027569,0.354320,0.031077,0.010640,0.000520,0.022160,0.002683,0.233340,0.041398,0.565820,0.060135,C3,0.010640,C3->C6 (2377),C3->C6: 2377; C4->C6: 948; C3->C1: 665
all3,0.10,5,0.175180,0.021796,0.177560,0.025550,0.253860,0.044844,0.216760,0.155893,0.358600,0.072710,0.012560,0.004186,0.013200,0.005540,0.492440,0.049745,0.149360,0.078302,C3,0.012560,C3->C6 (1688),C3->C6: 1688; C3->C1: 756; C4->C6: 703
all3,0.15,5,0.091680,0.016661,0.082000,0.012694,0.112820,0.015500,0.017820,0.014661,0.171520,0.072097,0.015300,0.009040,0.020580,0.003510,0.373480,0.118098,0.005040,0.002520,C6,0.005040,C3->C5 (1352),C3->C5: 1352; C3->C6: 1290; C2->C5: 707
all3,0.20,5,0.091440,0.010367,0.075560,0.007781,0.058960,0.039660,0.020940,0.004696,0.230660,0.069259,0.022400,0.019653,0.008460,0.001989,0.340900,0.040432,0.015160,0.017720,C4,0.008460,C3->C5 (1579),C3->C5: 1579; C3->C6: 947; C2->C5: 557
all3,0.25,5,0.077900,0.008533,0.057680,0.005698,0.063480,0.020415,0.011520,0.005120,0.106460,0.040306,0.016120,0.010606,0.006320,0.002115,0.415140,0.048540,0.013900,0.015200,C4,0.006320,C3->C5 (1951),C3->C5: 1951; C4->C5: 774; C2->C3: 703
deg+ood,0.00,5,0.456640,0.034186,0.467880,0.038290,0.425640,0.036351,0.462800,0.046444,0.540840,0.045058,0.391540,0.073516,0.368340,0.037012,0.450000,0.131612,0.836720,0.033354,C4,0.368340,C3->C6 (1112),C3->C6: 1112; C0->C6: 728; C4->C0: 686
deg+ood,0.05,5,0.251980,0.018211,0.239260,0.020515,0.412180,0.141888,0.701580,0.049104,0.479020,0.059936,0.026780,0.006845,0.012140,0.009060,0.522700,0.131488,0.024040,0.002520,C4,0.012140,C3->C1 (1734),C3->C1: 1734; C4->C1: 1169; C3->C0: 980
deg+ood,0.10,5,0.189880,0.035612,0.162140,0.027798,0.342920,0.203986,0.049220,0.009138,0.458080,0.076235,0.016960,0.001120,0.003680,0.001323,0.593200,0.054537,0.000000,0.000000,C6,0.000000,C3->C0 (1489),C3->C0: 1489; C3->C1: 952; C0->C5: 765
deg+ood,0.15,5,0.111100,0.020058,0.089240,0.016922,0.105780,0.014634,0.025100,0.007689,0.266140,0.071048,0.043980,0.016413,0.001060,0.002120,0.371940,0.120397,0.000000,0.000000,C6,0.000000,C3->C0 (1177),C3->C0: 1177; C3->C5: 967; C3->C1: 943
deg+ood,0.20,5,0.089840,0.006979,0.066140,0.005449,0.007040,0.003732,0.055500,0.010801,0.293020,0.026081,0.046440,0.014650,0.001040,0.001274,0.227300,0.052707,0.001260,0.002520,C4,0.001040,C3->C5 (1210),C3->C5: 1210; C2->C3: 876; C3->C1: 874
deg+ood,0.25,5,0.058960,0.005956,0.045760,0.006333,0.008320,0.002560,0.050260,0.012230,0.115060,0.030932,0.041520,0.002053,0.002080,0.001040,0.207580,0.069517,0.006300,0.000000,C4,0.002080,C3->C5 (1620),C3->C5: 1620; C2->C3: 1121; C0->C2: 1097
sim+deg,0.00,5,0.508120,0.022082,0.499220,0.015876,0.389740,0.043554,0.762300,0.153241,0.475820,0.049897,0.556000,0.090512,0.463860,0.048190,0.404560,0.144379,0.568360,0.094158,C0,0.389740,C3->C1 (832),C3->C1: 832; C2->C1: 616; C0->C6: 525
sim+deg,0.05,5,0.166020,0.015803,0.189900,0.016009,0.366000,0.052268,0.200000,0.055327,0.275820,0.061688,0.010120,0.001385,0.029560,0.016873,0.237100,0.083344,0.402540,0.092558,C3,0.010120,C3->C6 (2669),C3->C6: 2669; C4->C6: 1194; C2->C6: 619
sim+deg,0.10,5,0.171160,0.015882,0.179540,0.017216,0.300000,0.051174,0.203160,0.096158,0.360740,0.052968,0.009280,0.002638,0.014780,0.006353,0.364420,0.072909,0.234180,0.044760,C3,0.009280,C3->C6 (1760),C3->C6: 1760; C3->C1: 769; C4->C6: 747
sim+deg,0.15,5,0.112300,0.015783,0.102460,0.016394,0.158320,0.032904,0.087960,0.106715,0.143020,0.076751,0.013940,0.004017,0.021120,0.010296,0.443940,0.165717,0.098740,0.081882,C3,0.013940,C3->C6 (1442),C3->C6: 1442; C3->C5: 1043; C4->C6: 620
sim+deg,0.20,5,0.116020,0.009599,0.104500,0.009052,0.077580,0.041024,0.134020,0.039271,0.291420,0.047514,0.019120,0.010362,0.013720,0.008232,0.365900,0.107557,0.034160,0.025523,C4,0.013720,C3->C5 (1233),C3->C5: 1233; C3->C6: 1006; C3->C1: 814
sim+deg,0.25,5,0.102920,0.010836,0.071520,0.007261,0.046800,0.019069,0.017800,0.015042,0.167740,0.066464,0.031700,0.027079,0.008460,0.001989,0.531080,0.008075,0.005040,0.002520,C6,0.005040,C3->C5 (2173),C3->C5: 2173; C4->C5: 1022; C2->C5: 832
sim+ood,0.00,5,0.519700,0.014230,0.514440,0.006457,0.392320,0.046254,0.717260,0.189857,0.475280,0.032870,0.525960,0.053670,0.549860,0.061503,0.476540,0.096358,0.607600,0.184689,C0,0.392320,C3->C1 (554),C3->C1: 554; C2->C1: 542; C0->C6: 517
sim+ood,0.05,5,0.190780,0.009988,0.206720,0.014639,0.375660,0.019598,0.211540,0.023076,0.360760,0.030658,0.010640,0.000520,0.021640,0.002584,0.240140,0.048791,0.558220,0.054931,C3,0.010640,C3->C6 (2366),C3->C6: 2366; C4->C6: 942; C3->C1: 664
sim+ood,0.10,5,0.175340,0.022031,0.177780,0.025932,0.253860,0.044844,0.216760,0.155893,0.356980,0.071600,0.012560,0.004186,0.013200,0.005540,0.495460,0.046805,0.150620,0.079494,C3,0.012560,C3->C6 (1691),C3->C6: 1691; C3->C1: 753; C4->C6: 703
sim+ood,0.15,5,0.091940,0.016888,0.081880,0.013083,0.111540,0.015761,0.015720,0.011466,0.170960,0.077629,0.015040,0.009063,0.020580,0.003510,0.380300,0.122615,0.005040,0.002520,C6,0.005040,C3->C5 (1354),C3->C5: 1354; C3->C6: 1295; C2->C5: 718
sim+ood,0.20,5,0.091440,0.010367,0.075560,0.007781,0.058960,0.039660,0.020940,0.004696,0.230660,0.069259,0.022400,0.019653,0.008460,0.001989,0.340900,0.040432,0.015160,0.017720,C4,0.008460,C3->C5 (1579),C3->C5: 1579; C3->C6: 947; C2->C5: 557
sim+ood,0.25,5,0.077500,0.009055,0.057480,0.005926,0.064120,0.020070,0.011520,0.005120,0.104840,0.041070,0.016400,0.010520,0.006320,0.002115,0.412120,0.052484,0.013900,0.015200,C4,0.006320,C3->C5 (1950),C3->C5: 1950; C4->C5: 777; C2->C3: 712
